Age,DistanceFromHome,Education,EnvironmentSatisfaction,JobInvolvement,JobLevel,JobSatisfaction,MonthlyIncome,NumCompaniesWorked,RelationshipSatisfaction,StockOptionLevel,TotalWorkingYears,TrainingTimesLastYear,WorkLifeBalance,YearsAtCompany,YearsInCurrentRole,YearsSinceLastPromotion,YearsWithCurrManager,EducationField,Gender,Attrition,Department,JobRole,OverTime
49,8,1,3,2,2,2,5130,1,4,1,10,3,3,10,7,1,7,0.0,0.0,0.0,0.0,1.0,0.0
33,3,4,4,3,1,3,2909,1,3,0,8,3,3,8,7,3,0,0.0,1.0,0.0,0.0,1.0,1.0
27,2,1,1,3,1,2,3468,9,4,1,6,3,3,2,2,2,2,1.0,0.0,0.0,0.0,2.0,0.0
32,2,2,4,3,1,4,3068,0,3,0,8,2,2,7,7,3,6,0.0,0.0,0.0,0.0,2.0,0.0
59,3,3,3,4,1,1,2670,4,1,3,12,3,2,1,0,0,0,1.0,1.0,0.0,0.0,2.0,1.0
30,24,1,4,3,1,3,2693,1,2,1,1,2,3,1,0,0,0,0.0,0.0,0.0,0.0,2.0,0.0
38,23,3,4,2,3,3,9526,0,2,0,10,2,3,9,7,1,8,0.0,0.0,0.0,0.0,3.0,0.0
36,27,3,3,3,2,3,5237,6,2,2,17,3,2,7,7,7,7,1.0,0.0,0.0,0.0,4.0,0.0
35,16,3,1,4,1,2,2426,0,3,1,6,5,3,5,4,0,3,1.0,0.0,0.0,0.0,2.0,0.0
29,15,2,4,2,2,3,4193,0,4,0,10,3,3,9,5,0,8,0.0,1.0,0.0,0.0,2.0,1.0
31,26,1,1,3,1,3,2911,1,4,1,5,1,2,5,2,4,3,0.0,0.0,0.0,0.0,1.0,0.0
34,19,2,2,3,1,4,2661,0,3,1,3,2,3,2,2,1,2,1.0,0.0,0.0,0.0,2.0,0.0
29,21,4,2,4,3,1,9980,1,3,1,10,1,3,10,9,1,8,0.0,1.0,0.0,0.0,3.0,0.0
32,5,2,1,4,1,2,3298,0,4,2,7,5,2,6,2,0,5,0.0,0.0,0.0,0.0,1.0,1.0
22,16,2,4,4,1,4,2935,1,2,2,1,2,2,1,0,0,0,1.0,0.0,0.0,0.0,2.0,1.0
53,2,4,1,2,4,4,15427,2,3,0,31,3,3,5,8,3,7,0.0,1.0,0.0,1.0,5.0,0.0
38,2,3,4,3,1,4,3944,5,3,0,6,3,3,3,2,1,2,0.0,0.0,0.0,0.0,1.0,1.0
24,11,2,1,4,2,3,4011,0,4,1,5,5,2,4,2,1,3,4.0,1.0,0.0,0.0,3.0,0.0
34,7,4,1,3,3,2,11994,0,3,0,13,4,3,12,6,2,11,0.0,1.0,0.0,0.0,7.0,0.0
21,15,2,3,3,1,4,1232,1,4,0,0,6,3,0,0,0,0,0.0,0.0,0.0,0.0,1.0,0.0
53,5,3,3,3,5,3,19094,4,4,1,26,3,2,14,13,4,8,4.0,1.0,0.0,0.0,5.0,0.0
42,8,4,3,3,2,2,6825,0,4,1,10,2,3,9,7,4,2,2.0,0.0,0.0,1.0,0.0,0.0
44,7,4,1,2,3,4,10248,3,4,1,24,4,3,5,6,5,3,1.0,1.0,0.0,0.0,4.0,0.0
46,2,4,2,3,5,1,18947,3,4,0,22,2,2,2,2,2,1,2.0,1.0,0.0,1.0,5.0,0.0
33,2,3,3,3,1,4,2496,4,4,0,7,3,3,1,1,0,0,1.0,0.0,0.0,0.0,2.0,0.0
44,10,4,4,3,2,4,6465,2,4,0,9,5,4,4,2,1,3,4.0,0.0,0.0,0.0,4.0,1.0
30,9,2,4,2,1,3,2206,1,1,0,10,5,3,10,0,1,8,1.0,0.0,0.0,0.0,2.0,0.0
43,2,2,4,4,1,3,2645,1,4,2,6,3,2,5,3,1,4,1.0,1.0,0.0,0.0,1.0,0.0
35,2,3,4,3,1,4,2014,1,1,0,2,3,3,2,2,2,2,2.0,1.0,0.0,1.0,6.0,0.0
36,5,4,2,2,1,1,3419,9,4,1,6,3,4,1,1,0,0,0.0,1.0,0.0,0.0,1.0,1.0
33,1,3,3,4,2,1,5376,2,1,2,10,3,3,5,3,1,3,0.0,1.0,0.0,1.0,0.0,0.0
35,4,2,3,3,1,4,1951,1,3,1,1,3,3,1,0,0,0,4.0,0.0,0.0,0.0,2.0,0.0
27,2,4,4,3,1,1,2341,1,4,1,1,6,3,1,0,0,0,0.0,1.0,0.0,0.0,2.0,0.0
27,8,3,4,3,3,3,8726,1,4,0,9,0,3,9,8,1,7,0.0,0.0,0.0,1.0,0.0,0.0
30,1,2,3,3,2,4,4011,1,4,0,12,2,3,12,8,3,7,1.0,1.0,0.0,0.0,2.0,0.0
34,23,4,2,3,2,3,4568,0,3,0,10,2,3,9,5,1,7,2.0,0.0,0.0,1.0,0.0,0.0
37,19,2,2,3,1,2,3022,4,1,0,8,1,3,1,0,0,0,0.0,0.0,0.0,0.0,1.0,0.0
46,5,4,1,3,2,4,5772,4,3,0,14,4,3,9,6,0,8,2.0,0.0,0.0,1.0,0.0,1.0
35,8,1,4,4,1,4,2269,1,4,0,1,2,3,1,0,0,1,0.0,0.0,0.0,0.0,2.0,0.0
44,1,5,2,3,2,1,5454,5,3,1,9,2,2,4,3,1,3,2.0,1.0,0.0,1.0,0.0,1.0
35,11,2,3,2,3,1,9884,2,3,1,10,3,3,4,0,2,3,1.0,0.0,0.0,0.0,4.0,1.0
26,23,3,3,2,2,4,4157,7,3,1,5,2,2,2,2,0,0,2.0,1.0,0.0,1.0,0.0,1.0
33,1,2,1,3,3,4,13458,1,3,0,15,1,3,15,3,1,12,0.0,1.0,0.0,0.0,7.0,1.0
35,18,5,2,3,3,1,9069,1,4,1,9,3,2,9,8,1,8,0.0,0.0,0.0,1.0,0.0,0.0
35,23,4,3,3,1,1,4014,3,3,1,4,3,3,2,2,2,2,1.0,1.0,0.0,0.0,2.0,1.0
31,7,4,4,3,2,4,5915,3,4,1,10,3,2,7,7,1,7,0.0,0.0,0.0,0.0,2.0,0.0
37,1,4,1,2,2,3,5993,1,3,1,7,2,4,7,5,0,7,0.0,0.0,0.0,0.0,3.0,0.0
32,1,3,1,3,2,4,6162,1,2,1,9,3,3,9,8,7,8,1.0,0.0,0.0,0.0,3.0,1.0
38,29,5,4,3,2,4,2406,1,4,0,10,2,3,10,3,1,9,0.0,1.0,0.0,0.0,2.0,0.0
50,7,2,2,2,5,3,18740,5,4,1,29,2,2,5,3,1,8,1.0,1.0,0.0,0.0,7.0,1.0
59,25,3,1,3,3,1,7637,7,4,0,28,3,2,5,3,7,9,0.0,1.0,0.0,1.0,0.0,0.0
36,8,3,3,3,3,3,10096,1,2,3,17,2,3,5,3,1,8,3.0,1.0,0.0,0.0,4.0,0.0
55,8,3,4,3,4,3,14756,2,3,3,21,2,3,5,0,0,2,1.0,1.0,0.0,0.0,5.0,1.0
36,11,3,2,2,2,2,6499,1,3,0,6,3,3,6,5,0,3,0.0,0.0,0.0,0.0,3.0,0.0
45,7,3,2,3,3,1,9724,2,3,1,25,2,3,1,0,0,0,0.0,0.0,0.0,0.0,1.0,0.0
35,1,3,2,3,1,1,2194,4,4,1,5,2,2,3,2,1,2,1.0,0.0,0.0,0.0,1.0,0.0
59,1,1,1,2,2,3,5473,7,4,0,20,2,2,4,3,1,3,0.0,1.0,0.0,1.0,0.0,0.0
29,2,3,3,3,1,2,2703,0,4,1,6,3,3,5,4,0,4,0.0,0.0,0.0,0.0,1.0,0.0
31,1,4,3,3,1,2,2501,1,2,0,1,4,3,1,1,1,0,1.0,0.0,0.0,0.0,1.0,0.0
32,1,3,2,3,2,2,6220,1,2,2,10,3,3,10,4,0,9,0.0,0.0,0.0,0.0,1.0,0.0
36,6,3,2,4,1,4,3038,3,2,0,5,3,3,1,0,0,0,0.0,1.0,0.0,0.0,2.0,0.0
31,8,4,3,3,2,4,4424,1,4,0,11,2,3,11,7,1,8,0.0,1.0,0.0,0.0,3.0,0.0
35,1,4,3,2,2,1,4312,0,2,0,16,2,3,15,13,2,8,2.0,0.0,0.0,1.0,0.0,0.0
45,6,4,4,3,3,1,13245,4,2,0,17,3,4,0,0,0,0,4.0,0.0,0.0,0.0,7.0,1.0
37,7,4,1,3,3,3,13664,4,1,0,16,3,4,5,2,0,2,1.0,0.0,0.0,0.0,7.0,0.0
46,5,2,2,3,2,2,5021,8,4,1,16,2,3,4,2,0,2,1.0,0.0,0.0,2.0,8.0,1.0
30,1,1,4,2,2,4,5126,1,3,2,10,1,2,10,8,3,0,0.0,0.0,0.0,0.0,2.0,1.0
35,1,3,2,2,1,3,2859,1,1,0,6,3,3,6,4,0,4,1.0,0.0,0.0,0.0,1.0,0.0
55,1,2,1,3,3,4,10239,3,4,1,24,4,3,1,0,1,0,0.0,0.0,0.0,1.0,0.0,0.0
38,6,3,2,1,2,4,5329,7,4,3,17,3,3,13,11,1,9,1.0,1.0,0.0,0.0,1.0,1.0
34,1,2,1,3,2,2,4325,1,3,0,5,2,3,5,2,1,3,1.0,0.0,0.0,0.0,3.0,0.0
56,7,3,4,1,3,4,7260,4,1,0,10,3,2,6,4,0,2,0.0,0.0,0.0,0.0,3.0,0.0
23,2,1,3,3,1,1,2322,3,3,1,3,3,3,0,0,0,0,3.0,0.0,0.0,1.0,6.0,0.0
51,9,4,4,3,1,4,2075,3,2,2,10,4,3,4,2,0,3,0.0,0.0,0.0,0.0,2.0,0.0
30,2,3,3,2,2,4,4152,1,1,3,11,3,3,11,10,1,8,0.0,0.0,0.0,0.0,4.0,0.0
40,1,4,3,2,4,2,13503,1,4,1,22,3,2,5,3,1,11,0.0,0.0,0.0,0.0,4.0,0.0
51,21,4,3,3,2,4,5441,0,4,0,11,2,1,10,7,1,0,2.0,0.0,0.0,1.0,0.0,1.0
30,4,2,3,2,2,2,5209,1,2,3,11,4,2,11,8,2,7,1.0,1.0,0.0,1.0,0.0,1.0
46,1,3,3,2,3,1,10673,2,3,1,21,5,2,10,9,1,5,1.0,0.0,0.0,0.0,4.0,1.0
32,6,4,2,3,2,3,5010,1,1,0,12,0,3,11,8,5,7,1.0,0.0,0.0,1.0,0.0,0.0
54,2,4,1,3,3,3,13549,9,1,1,16,5,1,4,3,0,3,3.0,1.0,0.0,0.0,7.0,0.0
24,3,2,1,3,2,3,4999,0,1,1,4,2,2,3,2,0,2,4.0,1.0,0.0,1.0,0.0,0.0
28,4,3,2,3,2,3,4221,1,2,0,5,3,4,5,4,0,4,1.0,0.0,0.0,1.0,0.0,0.0
58,10,4,4,3,4,3,13872,0,3,0,10,1,2,5,10,1,8,1.0,0.0,0.0,1.0,0.0,0.0
44,23,3,2,3,2,2,2042,4,3,1,17,3,4,3,2,1,2,1.0,0.0,0.0,0.0,2.0,0.0
32,1,1,4,3,1,1,2956,1,4,0,1,2,3,1,0,0,0,0.0,0.0,0.0,0.0,1.0,0.0
34,6,4,1,3,2,3,4809,1,3,0,16,3,3,16,13,2,10,4.0,1.0,0.0,0.0,1.0,0.0
37,2,2,3,2,2,4,5163,5,4,1,17,2,4,1,0,0,0,0.0,0.0,0.0,0.0,4.0,0.0
59,2,4,3,2,5,4,18844,9,4,1,30,3,3,3,2,2,2,5.0,1.0,0.0,2.0,5.0,0.0
50,1,3,1,3,5,2,18172,3,1,0,28,1,2,8,3,0,7,0.0,1.0,0.0,0.0,7.0,1.0
25,7,1,4,2,1,4,2889,1,3,2,2,2,3,2,2,2,1,1.0,0.0,0.0,0.0,1.0,0.0
22,15,3,2,3,1,4,2871,1,3,0,1,5,3,0,0,0,0,1.0,1.0,0.0,0.0,2.0,0.0
51,1,4,1,2,3,1,7484,3,3,0,23,1,2,13,12,1,8,1.0,1.0,0.0,0.0,4.0,0.0
54,26,3,4,4,4,4,17328,2,3,0,23,3,3,5,3,4,4,5.0,1.0,0.0,2.0,5.0,1.0
24,18,1,2,3,1,3,2774,0,3,1,6,2,3,5,3,1,2,0.0,0.0,0.0,0.0,2.0,0.0
34,6,4,3,2,2,2,4505,6,3,1,12,3,3,1,0,0,0,0.0,1.0,0.0,0.0,1.0,0.0
37,3,3,3,3,3,4,7428,2,1,0,12,3,3,5,3,1,3,0.0,0.0,0.0,1.0,0.0,0.0
34,5,3,3,2,3,1,11631,2,4,0,14,6,3,11,10,5,8,1.0,1.0,0.0,0.0,5.0,0.0
36,11,2,2,3,3,4,9738,0,3,1,10,6,3,9,7,2,8,3.0,1.0,0.0,1.0,0.0,0.0
36,3,2,1,3,1,4,2835,5,1,1,7,2,3,1,0,0,0,0.0,1.0,0.0,0.0,2.0,0.0
43,26,2,3,3,4,4,16959,1,4,2,25,3,4,5,12,4,12,0.0,0.0,0.0,1.0,5.0,1.0
30,23,3,1,1,1,3,2613,1,3,3,10,2,2,10,7,0,9,0.0,0.0,0.0,0.0,1.0,0.0
33,22,2,3,3,2,2,6146,0,1,1,8,2,4,7,7,0,7,2.0,0.0,0.0,1.0,0.0,0.0
51,6,3,1,3,5,3,19537,7,3,0,23,5,3,5,3,1,3,0.0,0.0,0.0,0.0,7.0,0.0
26,6,3,3,2,1,2,2368,1,3,0,5,3,2,5,4,4,3,4.0,1.0,0.0,0.0,1.0,0.0
22,2,1,3,3,1,4,2523,0,3,1,3,2,3,2,1,2,1,3.0,0.0,0.0,0.0,2.0,0.0
49,20,4,3,3,2,1,6567,1,3,0,16,2,2,15,11,5,11,1.0,1.0,0.0,0.0,3.0,0.0
43,28,3,2,4,1,3,4739,4,4,0,18,2,3,3,2,1,2,1.0,1.0,0.0,0.0,1.0,0.0
50,12,3,3,3,3,4,9208,4,4,0,16,3,3,2,2,2,1,2.0,1.0,0.0,1.0,0.0,0.0
41,9,1,3,3,3,3,8189,3,3,1,12,2,3,9,7,0,7,0.0,0.0,0.0,1.0,0.0,1.0
26,25,1,3,3,1,3,2942,1,4,1,8,3,3,8,7,5,7,0.0,1.0,0.0,2.0,8.0,0.0
36,6,2,2,3,2,2,4941,6,4,2,7,0,3,3,2,0,1,1.0,0.0,0.0,0.0,3.0,0.0
39,4,4,4,2,2,3,5902,4,3,1,17,1,4,15,11,5,9,0.0,1.0,0.0,1.0,0.0,0.0
25,28,3,1,2,2,3,8639,2,4,0,6,3,3,2,2,2,2,0.0,0.0,0.0,1.0,0.0,0.0
30,9,3,3,3,2,4,6347,0,4,0,12,2,1,11,9,4,7,5.0,0.0,0.0,2.0,8.0,1.0
45,29,3,3,3,1,4,3452,5,2,0,9,2,2,6,5,0,3,1.0,0.0,0.0,0.0,1.0,0.0
38,3,5,4,3,2,3,4317,3,2,0,19,2,3,3,2,2,2,3.0,1.0,0.0,0.0,1.0,1.0
30,18,3,1,3,1,3,2632,1,3,0,5,4,2,5,4,0,4,0.0,1.0,0.0,0.0,1.0,0.0
32,9,2,4,1,2,4,4668,0,4,3,9,2,4,8,7,0,7,1.0,0.0,0.0,1.0,0.0,0.0
30,5,3,4,3,1,1,3204,5,4,1,8,3,3,3,2,2,2,3.0,1.0,0.0,0.0,1.0,0.0
30,2,1,2,2,1,4,2720,0,4,0,6,3,3,5,3,1,2,1.0,0.0,0.0,0.0,2.0,0.0
41,10,3,4,2,4,1,17181,4,2,1,21,2,2,7,6,7,7,0.0,0.0,0.0,0.0,5.0,0.0
41,9,4,3,3,1,1,2238,2,4,1,7,2,3,5,0,1,4,0.0,0.0,0.0,0.0,2.0,0.0
19,3,1,2,3,1,2,1483,1,4,0,1,3,3,1,0,0,0,1.0,1.0,0.0,0.0,2.0,0.0
40,26,3,2,3,2,2,5605,1,1,1,20,2,3,5,7,2,13,1.0,1.0,0.0,0.0,1.0,0.0
35,1,5,3,3,3,2,7295,1,1,2,10,3,3,10,8,0,6,2.0,0.0,0.0,1.0,0.0,0.0
53,6,2,2,3,2,3,2306,2,4,1,13,3,1,7,7,4,5,2.0,0.0,0.0,1.0,6.0,1.0
45,9,3,2,3,2,2,2348,8,3,1,20,2,1,5,9,0,3,0.0,0.0,0.0,0.0,2.0,0.0
32,8,3,2,3,3,4,8998,1,4,0,9,2,3,9,8,3,7,2.0,1.0,0.0,1.0,0.0,0.0
29,1,1,4,3,2,3,4319,1,1,1,10,1,3,10,7,0,9,3.0,0.0,0.0,0.0,3.0,0.0
51,7,4,2,2,2,3,6132,2,3,0,10,2,3,1,0,0,0,1.0,0.0,0.0,0.0,3.0,0.0
58,9,3,2,2,1,2,3346,4,2,1,9,3,2,1,0,0,0,1.0,1.0,0.0,0.0,1.0,1.0
40,4,4,3,2,3,4,10855,7,1,1,15,2,2,12,11,2,11,2.0,0.0,0.0,1.0,0.0,0.0
34,2,4,3,3,1,3,2231,6,4,1,6,3,3,4,3,1,2,2.0,1.0,0.0,1.0,6.0,0.0
22,19,1,3,3,1,4,2323,1,1,2,2,6,3,2,2,2,2,1.0,0.0,0.0,0.0,1.0,0.0
27,9,3,4,3,1,2,2024,6,4,1,6,1,1,2,2,2,2,1.0,0.0,0.0,0.0,1.0,0.0
28,21,3,3,3,1,4,2713,1,3,1,5,2,1,5,2,0,2,1.0,0.0,0.0,0.0,1.0,0.0
57,24,2,3,4,3,4,9439,3,2,1,12,2,1,5,3,1,4,0.0,0.0,0.0,0.0,4.0,1.0
27,3,3,3,2,1,3,2566,1,4,1,1,2,2,1,1,0,1,1.0,0.0,0.0,0.0,1.0,1.0
50,11,3,3,3,5,2,19926,3,2,0,21,5,3,5,4,4,4,0.0,1.0,0.0,0.0,5.0,0.0
41,14,3,1,3,1,3,2451,4,1,1,13,2,3,9,8,1,8,0.0,0.0,0.0,0.0,1.0,0.0
30,5,3,2,3,3,4,9419,2,3,1,12,2,3,10,9,7,4,0.0,1.0,0.0,1.0,0.0,0.0
38,1,4,1,2,2,4,8686,4,3,0,12,2,4,8,3,0,7,0.0,1.0,0.0,1.0,0.0,0.0
32,6,5,3,3,1,3,3038,3,1,0,8,2,3,5,4,1,4,0.0,0.0,0.0,0.0,1.0,0.0
27,17,3,3,3,1,2,3058,0,4,1,6,3,2,5,2,1,1,3.0,0.0,0.0,0.0,1.0,1.0
36,3,2,4,3,1,2,2088,4,3,0,13,3,2,8,7,7,2,1.0,0.0,0.0,0.0,2.0,0.0
30,9,3,3,3,2,1,3072,1,3,2,12,4,3,12,9,6,10,1.0,0.0,0.0,0.0,2.0,0.0
45,4,2,3,3,2,1,5006,4,1,1,9,3,4,5,4,0,3,0.0,1.0,0.0,1.0,0.0,1.0
56,8,3,3,3,1,1,4257,4,3,1,19,3,3,2,2,2,2,0.0,1.0,0.0,0.0,1.0,1.0
33,2,3,3,3,1,4,2500,0,1,0,4,2,4,3,1,0,2,0.0,0.0,0.0,0.0,1.0,0.0
46,1,2,2,3,3,1,10453,1,3,3,24,2,3,5,13,1,7,2.0,1.0,0.0,1.0,0.0,0.0
38,9,2,3,3,1,4,2288,1,3,0,2,3,3,2,2,2,1,0.0,1.0,0.0,0.0,2.0,0.0
31,12,1,3,3,1,4,3929,8,3,1,7,0,3,4,2,0,2,1.0,1.0,0.0,0.0,1.0,1.0
34,27,2,4,3,1,2,2311,2,4,0,9,3,3,3,2,1,2,1.0,1.0,0.0,0.0,1.0,0.0
50,1,3,3,2,1,3,3690,2,4,1,5,2,2,3,2,0,2,1.0,0.0,0.0,0.0,2.0,0.0
53,13,2,4,4,2,1,4450,1,3,2,5,3,3,4,2,1,3,1.0,1.0,0.0,0.0,3.0,0.0
33,14,3,4,3,1,2,2756,1,4,1,8,5,3,8,7,1,6,1.0,1.0,0.0,0.0,1.0,0.0
40,4,1,4,3,5,3,19033,1,2,1,21,2,3,5,8,1,9,1.0,1.0,0.0,0.0,5.0,0.0
55,14,4,3,4,5,2,18722,8,4,0,10,3,3,5,3,2,3,1.0,0.0,0.0,0.0,7.0,0.0
34,2,1,4,2,2,3,9547,1,3,0,10,2,2,10,9,1,9,0.0,0.0,0.0,0.0,3.0,0.0
51,3,3,4,3,4,2,13734,3,3,0,21,6,3,7,7,1,0,1.0,1.0,0.0,0.0,4.0,0.0
52,1,4,3,2,5,3,19999,0,1,1,10,5,3,5,3,1,9,0.0,0.0,0.0,0.0,5.0,0.0
27,9,3,4,3,1,2,2279,1,4,0,7,2,2,7,7,0,3,1.0,1.0,0.0,0.0,1.0,0.0
43,7,3,4,4,1,4,2089,4,4,3,7,3,4,5,4,2,2,1.0,0.0,0.0,0.0,1.0,0.0
45,2,2,1,2,4,4,16792,9,4,1,22,1,3,5,8,1,8,1.0,0.0,0.0,0.0,5.0,0.0
37,21,3,2,4,1,1,3564,1,1,1,8,3,2,8,7,1,7,0.0,0.0,0.0,0.0,1.0,1.0
35,2,3,2,3,2,2,4425,5,4,0,10,5,3,6,2,1,2,1.0,1.0,0.0,0.0,2.0,0.0
42,21,2,3,3,2,3,5265,2,2,1,11,5,3,5,3,0,2,1.0,1.0,0.0,0.0,3.0,0.0
38,2,4,4,3,2,3,6553,9,2,0,14,3,3,1,0,0,0,0.0,0.0,0.0,0.0,3.0,0.0
38,29,3,4,3,2,4,6261,3,1,1,9,3,1,7,7,1,7,3.0,0.0,0.0,0.0,3.0,0.0
27,1,1,3,2,2,1,4298,5,3,1,6,1,3,2,2,2,0,3.0,0.0,0.0,0.0,3.0,0.0
49,18,4,4,3,2,4,6804,1,1,2,7,0,3,7,7,1,7,0.0,0.0,0.0,0.0,3.0,1.0
34,10,4,4,3,1,3,3815,1,4,1,5,4,4,5,3,2,0,1.0,0.0,0.0,0.0,1.0,1.0
40,19,2,3,3,2,4,2741,8,3,1,15,2,4,7,2,3,7,1.0,0.0,0.0,0.0,2.0,1.0
22,5,3,4,4,1,2,2328,1,1,1,4,2,2,4,2,2,2,0.0,0.0,0.0,0.0,1.0,1.0
36,18,1,2,3,1,4,2153,1,1,0,8,2,3,8,1,1,7,1.0,1.0,0.0,0.0,2.0,0.0
40,9,5,4,2,2,4,4876,9,4,1,5,5,1,3,2,0,2,0.0,0.0,0.0,0.0,4.0,0.0
46,1,4,4,3,3,1,9396,7,3,1,17,3,3,4,2,0,3,1.0,0.0,0.0,0.0,4.0,0.0
30,1,1,3,2,3,3,8474,1,3,0,12,2,3,11,8,5,8,0.0,0.0,0.0,0.0,3.0,0.0
27,20,3,4,3,2,3,9981,1,4,0,7,2,3,7,7,0,7,0.0,1.0,0.0,1.0,0.0,0.0
51,8,4,2,2,3,2,12490,5,4,2,16,5,1,10,9,4,7,0.0,0.0,0.0,0.0,7.0,0.0
41,6,3,4,3,3,4,13591,3,3,0,16,3,3,1,0,0,0,0.0,1.0,0.0,1.0,5.0,1.0
45,6,3,4,2,3,4,8865,6,4,0,23,2,3,5,7,1,8,1.0,1.0,0.0,1.0,0.0,0.0
54,3,3,4,3,2,1,5940,2,4,1,16,4,3,6,2,0,5,2.0,1.0,0.0,1.0,0.0,0.0
36,5,2,4,3,2,2,5914,8,4,0,16,3,4,13,11,3,7,0.0,0.0,0.0,0.0,2.0,0.0
33,4,4,3,2,1,2,2622,6,4,0,7,3,3,3,2,1,1,1.0,1.0,0.0,0.0,1.0,0.0
37,11,3,2,3,3,4,12185,1,3,3,10,1,3,10,8,0,7,4.0,0.0,0.0,0.0,7.0,1.0
38,3,3,1,3,3,3,10609,0,3,2,17,6,2,16,10,5,13,0.0,0.0,0.0,1.0,0.0,0.0
31,1,4,3,1,2,3,4345,0,4,1,6,2,3,5,4,1,4,1.0,0.0,0.0,0.0,3.0,0.0
59,3,3,3,2,1,4,2177,3,1,1,7,6,3,1,0,0,0,0.0,0.0,0.0,0.0,1.0,0.0
37,4,4,1,3,1,4,2793,4,3,1,13,2,3,9,8,5,8,2.0,0.0,0.0,1.0,6.0,0.0
29,1,1,2,3,3,4,7918,1,4,1,11,5,3,11,10,4,1,1.0,1.0,0.0,1.0,0.0,0.0
35,1,3,3,3,3,3,8789,1,1,0,10,3,4,10,7,0,8,2.0,1.0,0.0,1.0,0.0,0.0
52,2,3,3,2,1,4,3212,7,2,0,6,3,2,2,2,2,2,0.0,1.0,0.0,0.0,2.0,0.0
42,4,2,3,3,5,4,19232,1,4,0,22,3,3,5,3,1,3,3.0,0.0,0.0,0.0,5.0,0.0
59,6,2,2,3,1,3,2267,8,4,0,7,2,2,2,2,2,2,1.0,0.0,0.0,2.0,8.0,0.0
50,1,4,4,3,5,4,19517,3,3,1,10,3,2,7,0,0,6,1.0,1.0,0.0,1.0,5.0,0.0
43,16,3,4,3,4,4,16064,5,3,1,22,3,3,5,13,1,9,2.0,1.0,0.0,1.0,5.0,1.0
52,2,4,1,2,5,3,19068,1,4,0,10,2,4,5,7,1,12,0.0,0.0,0.0,1.0,5.0,1.0
32,4,2,3,3,1,2,3931,2,1,1,6,5,3,4,3,1,2,0.0,1.0,0.0,1.0,6.0,0.0
39,1,4,3,3,1,3,2232,7,3,3,7,1,3,3,2,1,2,1.0,1.0,0.0,0.0,2.0,0.0
32,26,4,3,3,2,4,4465,0,1,0,4,2,3,3,2,2,2,2.0,0.0,0.0,1.0,0.0,0.0
41,19,2,3,3,2,1,3072,2,1,2,17,2,2,1,0,0,0,0.0,0.0,0.0,0.0,1.0,0.0
40,24,2,1,3,2,4,3319,1,1,2,9,3,3,9,8,4,7,3.0,0.0,0.0,0.0,1.0,0.0
45,1,3,3,4,5,4,19202,0,3,1,25,2,3,5,0,1,7,4.0,0.0,0.0,0.0,5.0,0.0
31,3,4,2,3,3,3,13675,9,1,1,9,3,3,2,2,2,2,1.0,0.0,0.0,0.0,7.0,0.0
33,5,4,3,2,1,4,2911,1,3,1,2,2,2,2,2,0,2,0.0,1.0,0.0,0.0,1.0,0.0
34,2,4,4,2,2,1,5957,6,2,1,13,3,3,11,9,5,9,0.0,0.0,0.0,0.0,3.0,0.0
37,1,2,3,2,1,1,3920,2,1,1,17,2,2,3,1,0,2,1.0,1.0,0.0,0.0,1.0,0.0
45,7,4,1,4,2,3,6434,4,4,1,9,1,3,3,2,0,2,0.0,0.0,0.0,0.0,3.0,0.0
39,2,4,3,3,3,3,10938,0,4,0,20,1,3,5,6,1,8,3.0,1.0,0.0,0.0,4.0,0.0
29,15,3,3,3,1,4,2340,1,1,0,6,1,3,6,5,1,5,0.0,0.0,0.0,0.0,1.0,0.0
42,17,2,4,4,2,1,6545,3,3,0,10,1,3,3,2,0,2,0.0,1.0,0.0,0.0,1.0,1.0
29,20,2,4,3,2,4,6931,2,4,1,10,2,3,3,2,0,2,2.0,0.0,0.0,1.0,0.0,0.0
25,1,3,1,3,2,3,4898,0,4,2,5,3,3,4,2,1,2,0.0,1.0,0.0,0.0,3.0,0.0
42,2,3,4,2,1,1,2593,0,3,1,10,4,3,9,6,7,8,1.0,1.0,0.0,0.0,2.0,1.0
40,2,2,1,3,5,3,19436,0,4,1,22,5,3,5,7,3,9,1.0,0.0,0.0,0.0,7.0,0.0
51,1,3,3,3,1,4,2723,1,2,0,1,0,2,1,0,0,0,0.0,0.0,0.0,0.0,1.0,0.0
32,7,3,2,4,1,2,2794,1,3,0,5,3,1,5,1,0,3,0.0,0.0,0.0,0.0,2.0,0.0
38,2,2,4,2,2,4,5249,3,4,1,13,0,3,8,7,7,5,0.0,0.0,0.0,1.0,0.0,0.0
32,2,1,4,2,2,1,2176,4,4,0,9,5,3,6,2,0,4,3.0,0.0,0.0,0.0,2.0,0.0
46,2,3,3,1,4,2,16872,3,2,1,28,2,2,7,7,7,7,3.0,1.0,0.0,1.0,5.0,1.0
29,2,3,1,2,2,2,6644,2,2,2,10,2,3,0,0,0,0,1.0,0.0,0.0,1.0,0.0,0.0
31,23,3,2,2,2,4,5582,0,2,1,10,2,3,9,0,7,8,1.0,0.0,0.0,0.0,4.0,0.0
25,5,2,2,4,2,1,4000,1,4,2,6,2,3,6,3,1,5,0.0,0.0,0.0,0.0,4.0,0.0
45,20,2,3,3,4,4,13496,0,2,0,21,2,3,5,7,4,10,1.0,0.0,0.0,0.0,4.0,1.0
36,6,3,4,3,1,4,3210,0,3,1,16,4,3,15,13,1,11,0.0,0.0,0.0,0.0,2.0,0.0
55,1,3,4,3,5,1,19045,0,3,0,10,2,3,5,10,4,13,1.0,0.0,0.0,0.0,5.0,1.0
28,9,3,4,3,1,4,2070,1,4,1,5,3,2,5,2,0,4,1.0,0.0,0.0,0.0,1.0,0.0
37,6,4,3,3,2,4,4908,4,2,1,7,5,4,5,4,0,1,1.0,0.0,0.0,1.0,0.0,0.0
21,3,2,4,2,1,3,3230,1,1,0,3,4,4,3,2,1,0,1.0,0.0,0.0,0.0,1.0,0.0
37,1,4,1,3,3,4,13603,2,1,2,15,2,3,5,2,0,2,1.0,1.0,0.0,0.0,7.0,1.0
35,22,3,2,4,3,2,11996,7,2,1,10,6,2,7,7,6,2,0.0,1.0,0.0,0.0,5.0,0.0
38,7,2,1,4,2,1,5605,1,3,1,8,3,3,8,0,7,7,1.0,1.0,0.0,1.0,0.0,1.0
26,1,3,3,3,2,2,6397,1,1,1,6,6,1,6,5,1,4,0.0,1.0,0.0,0.0,3.0,0.0
50,4,1,1,3,5,2,19144,3,1,2,28,4,2,10,4,1,6,0.0,0.0,0.0,0.0,7.0,0.0
53,3,4,3,3,4,3,17584,3,4,3,21,5,2,5,3,1,3,1.0,0.0,0.0,0.0,7.0,1.0
42,1,1,2,3,2,3,4907,1,3,0,20,3,3,5,3,1,6,0.0,0.0,0.0,1.0,0.0,0.0
29,2,2,2,3,2,4,4554,1,1,0,10,3,2,10,7,0,9,0.0,0.0,0.0,1.0,0.0,0.0
55,20,2,2,3,2,4,5415,3,4,1,12,4,3,10,7,0,8,3.0,0.0,0.0,0.0,2.0,1.0
26,11,2,1,3,2,1,4741,1,3,1,5,3,3,5,3,3,3,1.0,0.0,0.0,0.0,4.0,1.0
37,1,3,4,3,1,4,2115,1,2,0,17,3,3,5,12,5,7,0.0,1.0,0.0,0.0,1.0,0.0
38,23,4,4,3,2,4,5745,9,2,1,10,2,3,2,2,1,2,0.0,0.0,0.0,0.0,4.0,0.0
28,8,2,4,3,1,4,3310,1,4,0,5,3,3,5,3,0,2,0.0,1.0,0.0,0.0,1.0,0.0
49,10,4,3,3,5,1,18665,9,4,0,22,4,3,3,2,1,2,0.0,1.0,0.0,0.0,7.0,1.0
36,3,3,3,3,2,2,4485,4,4,0,10,2,3,8,0,7,7,3.0,0.0,0.0,0.0,1.0,0.0
31,5,3,4,3,1,2,2789,1,3,1,2,5,2,2,2,2,2,2.0,1.0,0.0,1.0,6.0,0.0
37,9,3,2,3,1,4,2326,1,3,3,4,3,2,4,2,1,2,1.0,0.0,0.0,0.0,1.0,1.0
42,26,3,3,3,4,2,13525,5,4,1,23,2,4,5,4,4,8,2.0,1.0,0.0,1.0,0.0,0.0
35,16,3,3,3,3,2,8020,0,3,2,12,3,2,11,9,6,9,2.0,0.0,0.0,1.0,0.0,0.0
36,18,4,3,4,1,4,3688,4,4,2,4,2,3,1,0,0,0,0.0,0.0,0.0,0.0,2.0,0.0
51,2,3,4,1,2,2,5482,5,4,1,13,3,3,4,1,1,2,1.0,0.0,0.0,0.0,3.0,0.0
41,2,4,4,3,4,2,16015,1,2,0,22,2,3,5,10,0,4,0.0,0.0,0.0,1.0,5.0,0.0
18,10,3,4,2,1,3,1200,1,1,0,0,2,3,0,0,0,0,1.0,1.0,0.0,1.0,6.0,0.0
28,16,2,2,4,2,1,5661,0,3,0,9,2,3,8,3,0,7,1.0,0.0,0.0,0.0,4.0,0.0
31,7,3,2,4,2,4,6929,4,2,1,10,3,2,8,7,7,7,3.0,0.0,0.0,1.0,0.0,0.0
39,1,3,3,4,3,4,9613,0,1,3,19,5,2,5,10,3,7,1.0,0.0,0.0,0.0,4.0,0.0
36,24,4,2,3,2,2,5674,7,3,1,11,3,3,9,8,0,8,0.0,1.0,0.0,0.0,2.0,0.0
32,7,3,4,2,2,3,5484,1,3,1,13,3,2,13,8,4,8,0.0,0.0,0.0,1.0,0.0,0.0
38,25,2,1,2,3,2,12061,3,3,1,19,2,3,10,8,0,1,0.0,1.0,0.0,0.0,7.0,0.0
58,1,4,4,1,2,3,5660,2,4,1,12,2,3,5,3,1,2,0.0,0.0,0.0,0.0,4.0,1.0
31,5,4,3,3,1,4,4821,0,3,1,6,4,3,5,2,0,3,3.0,0.0,0.0,0.0,1.0,1.0
31,2,3,1,2,2,1,6410,3,4,0,9,1,3,2,2,1,0,5.0,0.0,0.0,2.0,8.0,0.0
45,7,3,1,3,3,1,5210,1,1,1,24,2,3,5,9,1,11,0.0,0.0,0.0,0.0,2.0,0.0
31,2,4,3,3,1,4,2695,0,2,1,3,2,1,2,2,2,2,0.0,0.0,0.0,0.0,1.0,1.0
33,5,4,4,3,3,2,11878,6,2,2,12,2,3,10,6,1,8,0.0,1.0,0.0,0.0,5.0,0.0
39,10,1,3,3,4,1,17068,1,4,0,21,3,3,5,9,1,10,1.0,0.0,0.0,0.0,5.0,1.0
43,10,4,3,3,1,4,2455,0,1,0,9,5,3,8,7,1,7,0.0,1.0,0.0,0.0,2.0,0.0
49,1,2,3,2,4,3,13964,7,4,0,25,2,3,7,1,0,7,3.0,1.0,0.0,0.0,4.0,1.0
27,5,3,3,3,1,2,2478,1,2,0,4,2,2,4,3,1,2,0.0,1.0,0.0,0.0,1.0,1.0
32,8,2,3,2,2,2,5228,1,4,0,13,2,3,13,12,1,9,3.0,1.0,0.0,1.0,0.0,1.0
27,2,3,4,3,2,3,4478,1,1,0,5,3,3,5,4,0,4,0.0,0.0,0.0,1.0,0.0,1.0
31,7,3,4,3,2,4,7547,4,4,3,13,3,3,7,7,1,7,2.0,0.0,0.0,1.0,0.0,0.0
32,2,4,1,4,2,4,5055,7,3,0,10,0,2,7,7,0,7,1.0,1.0,0.0,0.0,1.0,0.0
30,28,2,4,3,2,4,5775,1,4,2,11,2,3,10,8,1,9,1.0,1.0,0.0,0.0,1.0,0.0
31,7,2,3,2,3,3,8943,1,1,1,10,2,3,10,9,1,9,0.0,1.0,0.0,0.0,3.0,0.0
39,7,2,3,2,5,4,19272,1,1,1,21,2,3,5,9,1,3,1.0,0.0,0.0,0.0,5.0,0.0
33,10,3,2,2,2,4,4682,3,3,0,9,6,2,7,7,0,1,2.0,0.0,0.0,1.0,0.0,0.0
47,5,5,4,3,5,3,18300,4,2,1,21,2,3,3,2,1,1,0.0,0.0,0.0,0.0,7.0,0.0
43,10,4,3,2,2,3,5257,1,2,1,9,3,4,9,7,0,0,0.0,1.0,0.0,0.0,2.0,0.0
27,1,1,3,3,2,2,6349,0,4,1,6,0,3,5,4,1,4,2.0,0.0,0.0,1.0,0.0,1.0
54,20,4,4,3,2,3,4869,3,4,0,20,4,2,4,3,0,3,0.0,1.0,0.0,0.0,1.0,0.0
43,7,3,3,3,3,1,9985,8,1,1,10,1,2,1,0,0,0,0.0,1.0,0.0,0.0,4.0,0.0
45,8,4,4,3,2,4,3697,9,1,2,12,3,3,10,9,1,8,4.0,0.0,0.0,0.0,1.0,0.0
40,1,2,2,1,2,4,7457,2,3,3,6,2,2,4,3,0,2,1.0,0.0,0.0,1.0,0.0,1.0
29,9,5,2,2,1,4,3983,0,3,0,4,2,3,3,2,2,2,4.0,0.0,0.0,0.0,2.0,0.0
30,5,3,4,2,2,3,6118,1,3,3,10,2,3,10,9,1,2,2.0,1.0,0.0,1.0,0.0,0.0
27,8,4,2,3,2,2,6214,1,1,1,8,3,3,8,7,0,7,2.0,1.0,0.0,1.0,0.0,0.0
37,5,2,4,3,2,4,6347,7,3,2,8,2,2,6,2,0,4,1.0,0.0,0.0,0.0,3.0,0.0
38,15,2,3,2,3,4,11510,0,2,1,12,3,3,11,10,2,9,0.0,0.0,0.0,0.0,7.0,1.0
31,7,4,3,3,3,4,7143,1,3,0,11,2,2,11,9,4,10,1.0,1.0,0.0,0.0,3.0,1.0
29,10,1,4,2,2,2,8268,1,1,2,7,2,3,7,7,1,7,2.0,1.0,0.0,1.0,0.0,1.0
35,5,4,3,3,3,2,8095,0,4,0,17,5,3,16,6,0,13,3.0,0.0,0.0,0.0,3.0,0.0
23,26,1,3,3,1,4,2904,1,3,2,4,2,2,4,2,0,2,0.0,0.0,0.0,0.0,1.0,0.0
41,6,3,4,2,2,2,6032,6,4,0,8,3,3,5,4,1,2,1.0,0.0,0.0,0.0,3.0,1.0
47,4,1,2,3,2,3,2976,3,1,0,5,3,3,0,0,0,0,1.0,0.0,0.0,1.0,6.0,0.0
42,23,5,1,3,4,4,15992,2,2,0,16,2,3,1,0,0,0,0.0,1.0,0.0,0.0,7.0,0.0
29,2,3,4,3,2,3,4649,1,1,1,4,3,2,4,3,0,2,0.0,0.0,0.0,1.0,0.0,0.0
42,2,1,3,3,1,3,2696,0,3,1,4,5,3,3,2,1,0,3.0,0.0,0.0,2.0,8.0,1.0
32,2,3,3,3,1,2,2370,1,3,1,8,4,3,8,0,0,7,1.0,1.0,0.0,0.0,2.0,0.0
48,29,1,1,3,3,3,12504,3,2,1,15,3,1,0,0,0,0,1.0,1.0,0.0,1.0,5.0,0.0
37,6,3,3,4,2,1,5974,4,1,2,13,2,3,7,7,6,7,1.0,0.0,0.0,0.0,1.0,1.0
30,25,2,4,3,2,3,4736,7,2,1,4,2,4,2,2,2,2,3.0,1.0,0.0,1.0,0.0,1.0
26,1,3,3,3,2,3,5296,1,2,1,8,3,3,8,7,7,7,0.0,0.0,0.0,1.0,0.0,0.0
42,2,4,1,2,2,4,6781,3,2,0,14,6,3,1,0,0,0,4.0,0.0,0.0,0.0,4.0,0.0
36,1,5,4,3,2,4,6653,4,2,0,7,6,3,1,0,0,0,1.0,1.0,0.0,1.0,0.0,0.0
36,3,4,1,2,3,4,9699,4,1,1,16,2,3,13,9,1,12,1.0,0.0,0.0,1.0,0.0,0.0
57,1,4,4,3,2,3,6755,2,3,0,15,2,3,3,2,1,2,1.0,0.0,0.0,0.0,4.0,0.0
40,10,4,4,4,1,3,2213,3,3,1,10,3,3,7,7,1,7,0.0,1.0,0.0,0.0,2.0,1.0
21,9,2,1,3,1,4,2610,1,3,0,3,3,2,3,2,2,2,1.0,0.0,0.0,1.0,6.0,0.0
37,10,3,3,3,1,1,3452,6,2,1,17,3,3,5,4,0,3,1.0,1.0,0.0,0.0,2.0,0.0
46,7,4,3,3,2,3,5258,2,3,0,7,2,4,1,0,0,0,1.0,1.0,0.0,0.0,3.0,0.0
50,10,3,4,2,3,4,10496,6,4,0,20,2,3,4,3,1,3,3.0,0.0,0.0,0.0,4.0,0.0
31,9,4,3,2,1,2,2657,0,4,0,3,5,3,2,2,2,2,0.0,0.0,0.0,0.0,1.0,1.0
29,23,3,4,3,1,4,2201,9,4,0,6,4,3,3,2,1,2,0.0,0.0,0.0,0.0,1.0,0.0
35,9,4,3,2,2,2,6540,9,3,0,10,5,3,1,1,0,0,0.0,0.0,0.0,0.0,4.0,0.0
27,1,2,4,3,1,2,3816,1,2,1,5,2,3,5,2,0,4,1.0,0.0,0.0,0.0,2.0,0.0
28,9,4,2,3,2,4,5253,1,4,0,7,1,3,7,5,0,7,0.0,0.0,0.0,1.0,0.0,0.0
49,7,3,2,2,3,3,10965,8,3,0,26,2,3,5,2,0,0,4.0,0.0,0.0,0.0,4.0,0.0
51,14,2,3,3,2,4,4936,4,3,1,18,2,2,7,7,0,7,0.0,1.0,0.0,1.0,0.0,0.0
36,2,3,4,3,1,3,2543,4,2,1,6,3,3,2,2,2,2,0.0,1.0,0.0,0.0,1.0,0.0
55,2,3,3,3,4,4,16659,2,3,0,30,2,3,5,4,1,2,0.0,1.0,0.0,0.0,5.0,1.0
24,10,4,4,3,2,3,4260,1,4,1,5,2,4,5,2,0,3,2.0,1.0,0.0,1.0,0.0,1.0
30,2,1,3,3,1,2,2476,1,1,1,1,3,3,1,0,0,0,3.0,0.0,0.0,1.0,6.0,0.0
22,11,3,1,3,1,2,2244,1,4,1,2,1,3,2,1,1,2,1.0,1.0,0.0,0.0,1.0,0.0
36,2,2,2,2,3,3,7596,1,2,2,10,2,3,10,9,1,0,1.0,0.0,0.0,1.0,0.0,0.0
37,14,3,4,3,1,1,3034,1,3,1,18,2,2,5,7,1,3,0.0,1.0,0.0,0.0,2.0,0.0
40,2,2,4,3,2,2,5715,7,3,2,8,5,3,5,4,1,3,2.0,1.0,0.0,1.0,0.0,0.0
42,1,4,2,3,1,1,2576,3,2,1,8,5,3,5,2,1,2,0.0,1.0,0.0,0.0,2.0,0.0
37,10,4,3,3,2,2,4197,2,4,0,18,2,2,1,0,0,1,0.0,0.0,0.0,0.0,3.0,1.0
43,12,3,1,2,4,2,14336,1,3,1,25,3,3,5,10,3,9,0.0,0.0,0.0,0.0,7.0,0.0
40,2,3,2,2,2,3,3448,6,2,1,20,3,3,1,0,0,0,1.0,1.0,0.0,0.0,2.0,0.0
54,5,2,1,3,5,1,19406,4,3,1,24,4,2,4,2,1,2,1.0,0.0,0.0,0.0,7.0,0.0
34,4,4,3,3,2,3,6538,9,1,1,6,3,3,3,2,1,2,2.0,1.0,0.0,1.0,0.0,0.0
31,7,2,2,3,2,1,4306,1,2,1,13,5,1,13,10,3,12,1.0,1.0,0.0,0.0,3.0,0.0
43,21,3,4,3,1,4,2258,7,1,1,8,1,3,3,2,1,2,1.0,0.0,0.0,0.0,2.0,0.0
43,8,4,3,3,2,3,4522,4,4,0,8,3,3,5,2,0,2,4.0,1.0,0.0,0.0,4.0,1.0
25,4,2,2,2,2,4,4487,1,2,0,5,3,3,5,4,1,3,0.0,1.0,0.0,1.0,0.0,1.0
37,25,5,2,3,2,3,4449,3,1,2,15,2,3,13,11,1,7,1.0,1.0,0.0,0.0,1.0,1.0
31,1,2,4,2,1,1,2218,1,3,1,4,3,3,4,2,3,2,0.0,0.0,0.0,0.0,2.0,0.0
39,1,1,2,3,5,3,19197,1,3,1,21,3,3,5,8,1,6,0.0,0.0,0.0,0.0,5.0,1.0
56,6,3,3,4,4,1,13212,9,4,3,10,0,2,7,7,7,7,0.0,1.0,0.0,1.0,0.0,0.0
30,12,3,2,3,2,3,6577,0,2,0,6,6,3,5,4,4,4,3.0,1.0,0.0,1.0,0.0,0.0
41,1,3,2,4,3,1,8392,1,3,1,10,2,3,10,7,0,7,2.0,0.0,0.0,1.0,0.0,0.0
28,17,2,3,3,2,1,4558,1,4,1,10,2,3,10,0,1,8,1.0,0.0,0.0,0.0,2.0,0.0
52,3,3,4,2,3,3,7969,2,3,0,28,4,3,5,4,0,4,1.0,0.0,0.0,0.0,3.0,1.0
45,10,2,1,3,1,4,2654,3,4,2,8,3,2,2,2,0,2,0.0,0.0,0.0,0.0,1.0,0.0
52,4,2,4,3,4,4,16555,2,4,0,31,2,1,5,2,1,4,0.0,1.0,0.0,0.0,5.0,0.0
42,29,2,1,3,2,3,4556,2,2,1,19,3,3,5,4,0,2,0.0,1.0,0.0,0.0,1.0,0.0
30,2,3,3,1,2,4,6091,2,3,0,11,2,3,5,4,0,2,0.0,1.0,0.0,0.0,3.0,0.0
60,7,3,1,3,5,1,19566,5,4,0,10,5,1,5,8,1,10,0.0,1.0,0.0,0.0,5.0,0.0
46,18,3,3,3,2,3,4810,2,3,1,19,5,2,10,7,0,8,1.0,1.0,0.0,0.0,3.0,0.0
42,28,4,4,2,2,4,4523,0,4,3,7,4,4,6,5,0,4,3.0,1.0,0.0,0.0,4.0,0.0
38,2,2,4,3,1,4,1702,1,3,1,1,3,3,1,0,0,0,0.0,0.0,0.0,0.0,2.0,1.0
40,2,4,3,3,5,3,18041,0,4,0,21,2,3,5,3,1,12,0.0,1.0,0.0,1.0,5.0,0.0
26,23,3,1,3,1,4,2886,1,2,2,3,3,1,3,2,0,2,0.0,1.0,0.0,0.0,1.0,0.0
30,3,3,3,3,1,4,2097,4,3,1,9,3,1,5,3,1,4,0.0,0.0,0.0,0.0,2.0,0.0
29,3,4,2,2,3,3,11935,1,3,0,10,2,3,10,2,0,7,1.0,0.0,0.0,0.0,7.0,0.0
30,22,4,3,3,3,1,8412,0,3,0,10,3,3,9,8,7,8,4.0,1.0,0.0,1.0,0.0,0.0
57,29,3,1,2,4,4,14118,3,3,1,10,3,2,1,0,0,0,2.0,0.0,0.0,1.0,5.0,0.0
50,29,4,2,2,4,3,17046,0,2,1,28,2,3,5,10,1,7,0.0,0.0,0.0,0.0,5.0,0.0
30,2,3,3,3,1,4,2564,0,3,0,12,2,2,11,7,6,7,1.0,1.0,0.0,0.0,2.0,0.0
60,28,3,3,2,3,1,10266,4,4,0,22,5,4,5,13,1,11,2.0,1.0,0.0,1.0,0.0,0.0
47,2,2,1,3,2,4,5070,5,3,3,20,2,3,5,0,0,4,1.0,1.0,0.0,0.0,3.0,0.0
46,2,3,1,3,4,3,17861,6,3,0,26,2,1,3,2,0,1,0.0,0.0,0.0,0.0,7.0,0.0
35,22,3,4,1,1,3,4230,0,3,0,6,2,3,5,4,4,3,0.0,0.0,0.0,0.0,2.0,0.0
54,8,4,3,3,2,3,3780,7,3,0,19,3,3,1,0,0,0,0.0,1.0,0.0,0.0,2.0,0.0
34,2,4,4,2,1,3,2768,3,3,1,14,3,3,7,3,5,7,0.0,0.0,0.0,0.0,1.0,0.0
46,10,3,3,2,3,4,9071,2,3,1,15,3,3,3,2,1,2,2.0,1.0,0.0,1.0,0.0,1.0
31,9,1,3,3,3,2,10648,1,4,1,13,6,4,13,8,0,8,0.0,0.0,0.0,0.0,3.0,0.0
30,7,1,4,3,1,2,2983,0,1,0,4,3,3,3,2,1,2,2.0,0.0,0.0,1.0,6.0,0.0
35,16,3,4,3,3,3,7632,4,3,0,10,2,3,8,7,0,0,0.0,0.0,0.0,0.0,4.0,1.0
42,5,2,2,3,1,3,2093,4,4,1,8,4,3,2,2,2,0,4.0,0.0,0.0,0.0,2.0,0.0
36,10,4,2,3,3,4,9980,1,4,0,10,3,2,10,3,1,7,1.0,0.0,0.0,1.0,0.0,0.0
48,2,5,2,3,2,4,4051,2,1,1,14,2,3,9,7,6,7,2.0,1.0,0.0,1.0,0.0,0.0
55,18,5,1,3,4,2,16835,3,4,0,10,2,3,10,9,7,7,0.0,1.0,0.0,1.0,5.0,0.0
41,10,2,4,3,2,4,6230,7,4,0,16,3,3,14,3,1,10,0.0,0.0,0.0,1.0,0.0,0.0
35,1,3,2,3,2,3,4717,9,3,0,15,2,3,11,9,6,9,2.0,0.0,0.0,1.0,0.0,0.0
40,6,3,2,3,4,3,13237,7,3,0,22,3,3,5,6,5,13,0.0,1.0,0.0,0.0,3.0,0.0
39,8,1,3,3,1,3,3755,1,1,1,8,3,3,8,3,0,7,0.0,1.0,0.0,0.0,2.0,0.0
31,2,1,2,3,2,4,6582,4,3,0,10,2,4,6,5,0,5,0.0,0.0,0.0,1.0,0.0,1.0
42,24,3,4,3,3,1,7406,1,4,1,10,5,2,10,9,5,8,1.0,0.0,0.0,0.0,3.0,1.0
45,2,3,4,3,2,2,4805,0,2,1,9,3,4,8,7,3,7,4.0,0.0,0.0,1.0,0.0,0.0
29,19,3,4,3,2,4,4262,4,2,2,8,2,4,3,2,1,2,3.0,0.0,0.0,0.0,3.0,0.0
33,1,5,1,4,4,3,16184,4,3,1,10,2,3,6,1,0,5,1.0,1.0,0.0,0.0,7.0,0.0
31,7,3,3,2,3,4,11557,9,3,1,10,3,2,5,4,0,1,0.0,0.0,0.0,1.0,5.0,0.0
40,28,3,3,1,3,1,10932,3,3,1,20,2,3,1,0,0,1,4.0,0.0,0.0,1.0,0.0,0.0
41,2,4,1,2,2,3,6811,2,1,0,10,3,3,8,7,0,7,4.0,1.0,0.0,0.0,4.0,1.0
26,29,2,1,3,2,3,4306,5,1,2,8,5,3,0,0,0,0,1.0,0.0,0.0,1.0,0.0,0.0
35,1,3,1,3,2,3,4859,1,4,0,5,3,3,5,4,0,3,1.0,1.0,0.0,1.0,0.0,0.0
34,21,4,4,4,2,4,5337,1,4,0,10,3,3,10,7,5,7,0.0,0.0,0.0,1.0,0.0,0.0
37,1,3,2,3,3,4,7491,4,4,0,12,3,4,6,5,1,2,3.0,1.0,0.0,0.0,3.0,0.0
46,18,1,1,3,3,3,10527,5,4,0,28,3,2,2,2,1,2,1.0,1.0,0.0,0.0,4.0,0.0
41,2,5,2,3,4,1,16595,7,2,1,22,2,3,5,3,1,8,0.0,1.0,0.0,1.0,5.0,0.0
37,9,4,1,3,3,2,8834,1,4,1,9,6,3,9,5,7,7,1.0,0.0,0.0,1.0,0.0,0.0
52,6,2,4,3,2,1,5577,3,2,2,18,3,3,10,9,6,9,3.0,0.0,0.0,0.0,1.0,1.0
24,24,3,4,3,1,4,2400,0,3,2,3,3,3,2,2,2,1,1.0,0.0,0.0,1.0,6.0,0.0
38,10,3,3,3,2,3,9824,3,3,1,18,4,3,1,0,0,0,1.0,1.0,0.0,0.0,4.0,0.0
37,1,4,2,3,2,2,6447,6,2,1,8,2,2,6,5,4,3,0.0,1.0,0.0,0.0,3.0,0.0
49,18,4,4,2,5,3,19502,1,3,1,31,5,3,5,9,0,9,0.0,0.0,0.0,0.0,7.0,1.0
24,23,3,2,4,1,4,2725,1,2,2,6,3,3,6,5,1,4,1.0,0.0,0.0,0.0,1.0,1.0
26,28,2,1,3,2,2,6272,1,4,2,6,5,4,5,3,1,4,2.0,0.0,0.0,1.0,0.0,0.0
24,17,2,4,2,1,2,2127,1,4,1,1,2,3,1,0,0,0,4.0,0.0,0.0,0.0,2.0,0.0
50,3,3,1,3,5,2,18200,1,3,1,10,2,3,5,5,1,7,1.0,0.0,0.0,2.0,5.0,0.0
25,13,1,2,3,1,3,2096,1,3,0,7,1,3,7,4,0,6,1.0,0.0,0.0,1.0,6.0,0.0
34,1,2,2,2,1,4,3622,1,4,1,6,3,3,6,5,1,3,0.0,0.0,0.0,0.0,1.0,1.0
35,25,2,1,2,2,4,3681,4,4,0,9,3,3,3,2,0,2,4.0,0.0,0.0,0.0,2.0,0.0
31,6,4,1,4,2,4,5460,4,4,2,13,4,4,7,7,5,7,1.0,0.0,0.0,1.0,0.0,0.0
27,6,4,1,2,1,3,2187,0,3,2,6,5,2,5,3,0,3,1.0,1.0,0.0,0.0,1.0,0.0
37,2,3,4,3,2,3,9602,4,3,1,17,3,2,3,0,1,0,2.0,0.0,0.0,1.0,0.0,1.0
20,1,3,4,2,1,2,2836,1,4,0,1,0,4,1,0,0,0,0.0,1.0,0.0,0.0,1.0,0.0
42,2,4,3,3,2,4,4089,1,2,2,10,4,3,10,2,2,2,0.0,1.0,0.0,0.0,4.0,0.0
43,6,4,2,2,4,4,16627,4,3,1,21,3,2,1,0,0,0,4.0,0.0,0.0,0.0,7.0,1.0
38,1,1,3,3,1,1,2619,3,4,0,8,3,2,0,0,0,0,0.0,1.0,0.0,0.0,1.0,0.0
43,9,5,4,3,2,3,5679,3,2,1,10,3,3,8,7,4,7,1.0,0.0,0.0,0.0,2.0,1.0
48,1,4,4,2,4,1,15402,7,1,1,21,3,1,3,2,0,2,0.0,1.0,0.0,0.0,5.0,0.0
44,1,4,1,2,2,3,5985,4,2,0,10,1,4,2,2,0,2,0.0,1.0,0.0,2.0,8.0,0.0
34,14,3,3,3,1,3,2579,1,4,2,8,3,3,8,2,0,6,3.0,1.0,0.0,1.0,6.0,1.0
21,22,1,3,3,1,3,3447,1,3,0,3,2,3,3,2,1,2,3.0,0.0,0.0,1.0,6.0,0.0
44,3,4,4,3,5,4,19513,4,1,1,26,2,4,2,2,0,1,4.0,0.0,0.0,0.0,5.0,1.0
22,6,1,1,3,1,3,2773,0,4,0,3,3,3,2,2,2,2,1.0,0.0,0.0,0.0,1.0,0.0
33,8,4,3,3,2,3,7104,0,4,0,6,3,3,5,0,1,2,2.0,0.0,0.0,1.0,0.0,0.0
32,9,4,1,3,2,4,6322,1,4,1,6,2,2,6,4,0,5,0.0,1.0,0.0,0.0,1.0,1.0
30,3,3,3,3,1,3,2083,1,3,1,1,2,3,1,0,0,0,1.0,1.0,0.0,0.0,1.0,0.0
53,1,1,4,3,2,1,8381,7,4,0,18,2,4,14,7,1,10,1.0,1.0,0.0,1.0,0.0,0.0
34,1,5,2,3,1,4,2691,1,4,1,10,4,2,10,9,1,8,0.0,0.0,0.0,0.0,1.0,0.0
26,6,3,3,3,1,4,2659,1,3,1,3,2,3,3,2,0,2,0.0,1.0,0.0,0.0,2.0,1.0
37,3,3,3,3,3,3,9434,1,3,1,10,2,3,10,7,7,8,4.0,0.0,0.0,0.0,3.0,0.0
29,3,2,2,3,2,3,5561,1,1,1,6,5,2,6,0,1,2,1.0,1.0,0.0,1.0,0.0,0.0
35,6,4,2,1,2,4,6646,1,2,0,17,3,3,5,11,1,8,0.0,0.0,0.0,0.0,1.0,0.0
33,6,3,3,3,2,4,7725,3,3,1,15,2,1,13,11,4,7,0.0,0.0,0.0,0.0,4.0,0.0
54,19,4,3,3,3,2,10725,2,3,1,16,1,4,9,7,7,1,1.0,0.0,0.0,2.0,8.0,0.0
36,9,2,2,2,2,2,8847,2,3,1,13,2,3,3,2,0,2,1.0,0.0,0.0,0.0,3.0,1.0
27,3,4,1,2,1,4,2045,0,4,0,5,0,3,4,2,1,1,1.0,0.0,0.0,0.0,1.0,0.0
35,3,3,3,2,1,3,1281,1,3,2,1,3,3,1,0,0,0,0.0,0.0,0.0,0.0,2.0,0.0
23,4,3,1,4,1,1,2819,2,1,1,5,3,4,3,2,0,2,1.0,0.0,0.0,0.0,1.0,0.0
25,8,3,4,4,2,2,4851,0,3,1,4,4,3,3,2,1,2,0.0,0.0,0.0,1.0,0.0,0.0
38,7,4,4,2,2,4,4028,0,1,0,8,2,3,7,7,0,5,2.0,1.0,0.0,1.0,0.0,0.0
29,1,4,2,1,1,4,2720,1,4,1,10,5,3,10,7,2,8,0.0,0.0,0.0,0.0,1.0,0.0
48,2,1,2,4,2,2,8120,3,4,0,12,3,3,2,2,2,2,2.0,0.0,0.0,1.0,0.0,0.0
27,3,1,4,4,2,4,4647,1,2,2,6,3,3,6,5,0,4,1.0,1.0,0.0,1.0,0.0,1.0
37,10,2,4,4,1,4,4680,3,1,0,4,2,3,1,0,0,0,0.0,0.0,0.0,0.0,1.0,0.0
50,28,1,4,4,1,3,3221,1,3,3,20,3,3,5,8,3,8,1.0,0.0,0.0,0.0,2.0,1.0
34,9,3,4,2,3,2,8621,1,2,0,9,3,4,8,7,7,7,1.0,1.0,0.0,0.0,4.0,0.0
39,2,4,4,2,2,3,4553,1,1,0,20,4,3,5,7,1,10,3.0,1.0,0.0,0.0,4.0,0.0
32,10,3,4,3,2,4,5396,1,4,0,10,2,2,10,7,0,8,2.0,0.0,0.0,1.0,0.0,0.0
38,1,4,2,4,2,4,7625,0,3,0,10,4,2,9,7,1,8,0.0,1.0,0.0,0.0,4.0,0.0
27,1,2,3,3,3,1,7412,1,4,0,9,3,3,9,7,0,7,0.0,1.0,0.0,0.0,3.0,0.0
32,3,2,3,3,3,4,11159,3,4,0,10,6,3,7,7,7,7,0.0,1.0,0.0,0.0,7.0,0.0
47,14,4,4,3,2,1,4960,2,4,0,20,2,3,7,7,1,7,2.0,0.0,0.0,1.0,0.0,0.0
40,5,4,4,2,3,1,10475,5,3,1,20,2,3,5,13,1,12,0.0,0.0,0.0,1.0,0.0,1.0
53,7,3,3,4,4,3,14814,3,3,0,10,3,3,5,1,1,3,0.0,0.0,0.0,0.0,7.0,0.0
41,10,4,2,2,5,4,19141,3,2,3,23,2,2,5,6,1,6,5.0,0.0,0.0,2.0,5.0,0.0
60,16,4,1,3,2,1,5405,8,4,0,10,1,3,2,2,2,2,2.0,0.0,0.0,1.0,0.0,0.0
27,10,2,4,3,3,1,8793,1,3,2,9,4,2,9,7,1,7,0.0,0.0,0.0,0.0,3.0,0.0
41,1,3,4,2,5,3,19189,1,2,1,22,3,3,5,7,2,10,5.0,0.0,0.0,2.0,5.0,0.0
50,8,4,4,3,1,2,3875,7,4,1,4,2,3,2,2,2,2,2.0,0.0,0.0,1.0,6.0,0.0
36,8,3,1,4,3,1,11713,9,1,1,10,2,3,8,7,0,5,0.0,1.0,0.0,0.0,7.0,0.0
38,1,3,3,3,3,3,7861,4,4,0,10,4,4,1,0,0,0,0.0,1.0,0.0,0.0,3.0,1.0
44,24,3,1,1,1,3,3708,2,3,0,9,5,3,5,2,1,4,1.0,0.0,0.0,0.0,2.0,0.0
47,3,3,4,3,4,3,13770,9,4,2,28,2,2,5,2,1,13,1.0,1.0,0.0,1.0,0.0,1.0
30,27,5,3,3,2,4,5304,7,4,1,10,2,2,8,7,7,7,2.0,0.0,0.0,1.0,0.0,0.0
29,10,3,3,3,1,3,2642,1,3,0,1,6,3,1,0,0,0,0.0,0.0,0.0,1.0,6.0,0.0
43,15,3,4,2,2,4,6804,3,3,1,7,5,3,2,2,2,2,0.0,0.0,0.0,1.0,0.0,0.0
34,8,2,2,3,2,3,6142,3,4,0,10,2,3,5,1,4,3,1.0,1.0,0.0,0.0,4.0,0.0
23,9,1,2,3,1,1,2500,1,4,1,5,2,4,4,3,0,2,1.0,0.0,0.0,0.0,2.0,0.0
39,3,3,3,4,2,2,6389,9,3,1,12,3,1,8,3,3,6,5.0,1.0,0.0,2.0,8.0,0.0
56,9,3,3,3,4,4,11103,7,3,0,30,1,2,10,7,1,1,1.0,0.0,0.0,0.0,4.0,0.0
40,2,1,4,2,1,4,2342,0,4,0,5,2,2,4,2,2,3,1.0,1.0,0.0,0.0,1.0,1.0
27,7,3,4,2,2,1,6811,8,1,0,9,2,1,7,6,0,7,1.0,1.0,0.0,0.0,4.0,0.0
29,10,3,4,3,1,2,2297,1,4,2,2,2,3,2,2,2,2,2.0,0.0,0.0,1.0,6.0,0.0
53,6,3,4,3,2,4,2450,2,4,0,19,4,3,2,2,2,2,0.0,0.0,0.0,0.0,2.0,0.0
35,2,4,4,3,2,1,5093,2,1,1,16,2,4,1,0,0,0,0.0,1.0,0.0,0.0,4.0,0.0
32,24,4,1,3,2,4,5309,1,4,2,10,2,3,10,8,4,7,0.0,0.0,0.0,0.0,2.0,0.0
38,2,5,4,3,1,3,3057,6,2,1,6,0,1,1,0,0,1,1.0,0.0,0.0,0.0,1.0,1.0
34,8,5,2,3,2,1,5121,3,3,1,7,3,3,0,0,0,0,0.0,1.0,0.0,0.0,3.0,0.0
52,3,4,3,2,4,1,16856,1,1,0,10,3,4,5,6,1,3,2.0,0.0,0.0,1.0,5.0,0.0
25,26,1,3,3,2,4,6180,1,2,0,6,5,2,6,5,1,4,1.0,1.0,0.0,1.0,0.0,0.0
45,2,2,2,1,2,3,6632,0,1,0,9,3,3,8,7,3,1,3.0,0.0,0.0,1.0,6.0,0.0
23,10,1,1,4,1,3,3505,1,4,0,2,3,3,2,2,0,2,1.0,0.0,0.0,0.0,1.0,0.0
34,2,3,4,3,2,4,6274,1,3,0,6,5,3,6,5,1,4,4.0,0.0,0.0,1.0,0.0,0.0
36,8,4,1,2,3,1,7587,1,2,0,10,1,3,10,7,0,9,0.0,0.0,0.0,1.0,0.0,0.0
52,19,4,4,3,1,4,4258,0,1,1,5,3,3,4,3,1,2,1.0,0.0,0.0,0.0,1.0,0.0
26,1,2,1,1,1,4,4364,3,1,1,5,2,3,2,2,2,0,0.0,1.0,0.0,0.0,2.0,0.0
29,27,3,2,3,2,3,4335,4,1,1,11,3,2,8,7,1,1,1.0,1.0,0.0,0.0,4.0,0.0
34,1,4,2,4,1,4,3280,2,3,0,10,2,3,4,2,1,3,0.0,1.0,0.0,0.0,1.0,0.0
54,19,4,4,3,2,1,5485,9,2,2,9,4,3,5,3,1,4,1.0,1.0,0.0,0.0,3.0,1.0
27,8,1,3,3,2,4,4342,0,2,1,5,3,3,4,2,1,1,2.0,0.0,0.0,1.0,0.0,0.0
37,10,1,4,3,1,1,2782,0,2,2,6,3,2,5,3,4,3,0.0,1.0,0.0,0.0,1.0,1.0
38,2,4,1,4,2,1,5980,6,4,0,17,2,3,15,7,4,12,0.0,1.0,0.0,0.0,3.0,1.0
34,2,4,3,2,1,1,4381,1,3,0,6,3,3,6,5,1,3,1.0,1.0,0.0,0.0,1.0,0.0
35,8,4,1,3,1,4,2572,1,2,1,3,1,2,3,2,0,2,0.0,1.0,0.0,1.0,6.0,0.0
30,1,3,4,1,1,3,3833,3,3,2,7,2,3,2,2,0,2,0.0,0.0,0.0,0.0,2.0,0.0
40,2,2,3,4,2,2,4244,1,4,1,8,2,3,8,7,3,7,1.0,1.0,0.0,0.0,4.0,0.0
34,8,2,3,3,2,1,6500,5,2,1,6,1,3,3,2,1,2,0.0,1.0,0.0,1.0,0.0,0.0
42,8,3,2,3,5,4,18430,1,2,1,24,4,2,5,7,1,9,0.0,0.0,0.0,0.0,5.0,0.0
24,9,3,3,2,1,2,2694,1,3,3,1,4,3,1,0,0,0,0.0,0.0,0.0,0.0,2.0,0.0
52,11,4,4,3,2,3,3149,8,2,1,9,3,3,5,2,1,4,0.0,1.0,0.0,0.0,2.0,0.0
50,2,3,3,3,4,3,17639,5,4,0,30,3,3,4,3,0,3,1.0,0.0,0.0,0.0,7.0,0.0
33,7,3,3,3,3,3,11691,0,4,0,14,3,4,13,9,3,7,1.0,0.0,0.0,0.0,7.0,0.0
47,2,2,3,3,4,4,16752,1,3,1,26,3,2,5,3,3,0,4.0,1.0,0.0,0.0,5.0,1.0
36,1,3,3,3,2,2,5228,0,1,1,10,2,3,9,7,0,5,4.0,1.0,0.0,0.0,3.0,0.0
29,23,2,3,4,1,3,2700,1,3,1,10,3,3,10,7,0,7,0.0,0.0,0.0,0.0,1.0,0.0
35,1,4,4,4,1,3,2506,3,3,0,7,0,3,2,2,2,2,0.0,1.0,0.0,0.0,1.0,0.0
42,1,2,4,2,2,4,6062,9,4,1,8,4,3,4,3,0,2,0.0,1.0,0.0,0.0,3.0,1.0
36,13,3,3,3,1,2,2143,4,2,1,8,2,3,5,2,0,4,5.0,0.0,0.0,2.0,8.0,0.0
32,4,3,3,2,2,3,6162,1,3,1,14,3,3,14,13,6,8,0.0,1.0,0.0,0.0,3.0,0.0
40,16,4,1,2,2,3,5094,6,4,0,10,6,3,1,0,0,0,1.0,0.0,0.0,0.0,2.0,0.0
30,2,3,3,2,2,4,6877,5,2,0,12,4,2,0,0,0,0,1.0,1.0,0.0,0.0,3.0,1.0
45,2,3,2,2,1,3,2274,1,4,0,1,3,3,1,0,0,0,0.0,1.0,0.0,0.0,1.0,0.0
42,29,3,2,3,2,2,4434,1,4,1,10,3,2,9,8,7,8,0.0,0.0,0.0,0.0,3.0,0.0
38,12,3,1,2,2,1,6288,2,3,1,13,3,2,4,3,1,2,0.0,0.0,0.0,0.0,4.0,0.0
34,16,4,3,2,1,4,2553,1,3,0,6,3,3,5,2,1,3,0.0,1.0,0.0,0.0,1.0,0.0
43,14,2,2,3,4,1,17159,6,3,1,22,3,3,4,1,1,0,0.0,0.0,0.0,0.0,7.0,0.0
27,5,1,3,2,3,4,12808,1,2,1,9,3,3,9,8,0,8,3.0,0.0,0.0,0.0,7.0,1.0
35,7,3,3,3,3,3,10221,3,2,0,17,3,4,8,5,1,6,4.0,0.0,0.0,0.0,3.0,0.0
28,2,4,2,3,2,2,4779,1,1,0,8,2,3,8,7,7,5,2.0,1.0,0.0,1.0,0.0,1.0
34,3,2,3,3,1,4,3737,0,3,1,4,1,1,3,2,0,2,5.0,0.0,0.0,2.0,8.0,0.0
27,3,3,4,3,1,4,1706,1,3,3,0,6,2,0,0,0,0,1.0,0.0,0.0,0.0,1.0,0.0
51,26,4,1,3,4,3,16307,2,3,1,29,2,2,5,6,4,3,2.0,1.0,0.0,1.0,5.0,0.0
44,4,3,4,3,2,2,5933,9,4,0,10,2,2,5,2,2,3,1.0,0.0,0.0,0.0,4.0,0.0
25,2,1,1,4,1,1,3424,7,3,0,6,3,2,4,3,0,1,1.0,0.0,0.0,0.0,1.0,0.0
33,1,3,1,4,2,1,4037,1,1,1,9,5,3,9,8,0,8,1.0,0.0,0.0,1.0,0.0,0.0
35,27,1,3,2,1,1,2559,1,4,0,6,3,2,6,5,1,1,1.0,1.0,0.0,0.0,1.0,0.0
36,1,2,2,3,2,4,6201,1,4,1,18,1,2,5,3,4,11,0.0,0.0,0.0,1.0,0.0,1.0
32,13,4,2,3,2,4,4403,2,3,1,8,3,2,5,2,0,3,0.0,0.0,0.0,1.0,0.0,0.0
30,5,4,2,2,1,4,3761,9,2,1,10,3,2,5,4,0,3,0.0,0.0,0.0,0.0,1.0,0.0
53,7,2,1,2,3,4,10934,7,4,1,10,3,3,5,2,0,4,2.0,1.0,0.0,1.0,0.0,1.0
45,9,3,4,3,3,1,10761,4,3,1,18,2,3,5,4,0,2,2.0,0.0,0.0,1.0,0.0,1.0
32,8,2,3,4,2,3,5175,5,3,1,9,3,2,5,3,1,3,1.0,1.0,0.0,0.0,1.0,0.0
52,25,4,3,2,4,4,13826,3,3,0,31,3,3,9,8,0,0,1.0,1.0,0.0,0.0,3.0,0.0
37,16,4,4,2,2,3,6334,4,4,2,9,2,3,1,0,0,0,2.0,0.0,0.0,1.0,0.0,0.0
28,8,2,2,2,1,4,4936,1,4,1,6,6,3,5,1,0,4,1.0,0.0,0.0,2.0,8.0,0.0
22,1,2,4,2,2,4,4775,6,1,2,4,2,1,2,2,2,2,0.0,0.0,0.0,0.0,3.0,0.0
44,8,4,1,4,1,4,2818,2,3,1,10,2,2,3,2,0,2,0.0,0.0,0.0,0.0,2.0,1.0
42,2,1,2,3,1,4,2515,5,4,0,8,2,3,2,1,2,2,1.0,0.0,0.0,0.0,1.0,1.0
36,8,3,1,2,1,1,2342,0,3,0,6,3,3,5,4,0,3,0.0,0.0,0.0,2.0,8.0,0.0
25,3,1,3,3,2,1,4194,1,4,0,5,3,3,5,3,0,3,4.0,0.0,0.0,1.0,0.0,1.0
35,9,3,4,2,3,3,10685,1,2,1,17,2,3,5,3,5,3,0.0,1.0,0.0,0.0,3.0,1.0
32,1,3,4,3,1,4,2314,0,2,1,4,2,3,3,0,0,2,0.0,0.0,0.0,0.0,2.0,0.0
25,4,1,3,2,2,1,4256,1,1,0,5,1,4,5,2,0,3,2.0,0.0,0.0,1.0,0.0,0.0
49,1,3,3,3,1,1,3580,2,2,1,7,2,3,4,2,0,2,3.0,1.0,0.0,0.0,1.0,0.0
24,4,1,1,2,1,4,3162,0,4,0,6,2,2,5,2,3,4,0.0,0.0,0.0,0.0,2.0,0.0
32,5,2,2,3,2,2,6524,1,4,1,10,3,3,10,8,5,3,0.0,0.0,0.0,1.0,0.0,0.0
38,9,3,2,2,1,2,2899,0,4,1,3,3,3,2,2,1,2,2.0,0.0,0.0,1.0,6.0,0.0
42,3,3,3,4,2,4,5231,2,2,1,17,1,2,5,3,1,3,0.0,1.0,0.0,0.0,2.0,1.0
31,11,4,4,3,1,4,2356,3,2,1,8,2,3,6,4,0,2,0.0,0.0,0.0,0.0,1.0,1.0
53,8,3,1,3,4,4,11836,5,3,1,28,3,3,2,0,2,2,2.0,0.0,0.0,1.0,0.0,0.0
35,25,3,4,2,3,2,10903,3,1,0,16,2,3,13,10,4,8,3.0,0.0,0.0,0.0,3.0,0.0
37,21,2,3,3,1,4,2973,5,2,1,10,3,3,5,4,0,0,1.0,1.0,0.0,1.0,6.0,0.0
53,23,4,4,3,4,4,14275,6,3,0,10,0,3,12,9,3,8,0.0,1.0,0.0,0.0,7.0,0.0
43,1,3,4,3,2,4,5562,4,2,1,12,2,2,5,2,2,2,0.0,1.0,0.0,0.0,4.0,0.0
47,2,2,3,3,2,4,4537,0,1,1,8,2,3,7,6,7,7,2.0,1.0,0.0,1.0,0.0,1.0
37,19,2,1,3,3,2,7642,1,4,0,10,2,3,10,0,0,9,1.0,0.0,0.0,1.0,0.0,1.0
50,2,4,1,3,4,1,17924,1,4,1,31,3,3,5,6,1,7,0.0,0.0,0.0,0.0,5.0,0.0
39,2,3,4,2,2,4,5204,8,3,2,13,2,3,5,4,0,4,0.0,1.0,0.0,2.0,8.0,0.0
33,3,2,4,3,1,2,2277,3,3,1,7,4,4,4,3,0,3,5.0,0.0,0.0,2.0,8.0,1.0
29,7,1,1,2,1,4,2532,6,3,3,8,5,3,4,3,0,3,1.0,1.0,0.0,0.0,2.0,0.0
44,9,2,2,3,1,1,2559,1,4,0,8,0,3,8,7,7,1,0.0,0.0,0.0,0.0,1.0,1.0
28,5,4,1,3,2,4,4908,1,2,0,4,3,3,4,2,0,2,1.0,0.0,0.0,1.0,0.0,0.0
43,8,3,1,3,2,2,4765,4,3,1,4,2,4,1,0,0,0,0.0,1.0,0.0,0.0,3.0,0.0
36,14,1,3,3,2,4,6586,0,1,1,17,2,2,16,8,4,11,0.0,0.0,0.0,0.0,4.0,1.0
47,2,4,4,2,1,4,3294,1,1,0,3,3,2,3,2,1,2,0.0,1.0,0.0,1.0,6.0,1.0
28,9,3,3,3,1,3,2377,5,2,1,6,2,3,2,2,2,2,1.0,1.0,0.0,0.0,1.0,0.0
27,4,3,2,3,1,3,2318,1,3,0,1,2,3,1,1,0,0,0.0,1.0,0.0,0.0,1.0,0.0
34,10,3,2,3,1,2,2008,1,2,2,1,3,3,1,0,1,0,0.0,0.0,0.0,0.0,2.0,0.0
42,14,2,3,2,2,3,6244,7,1,0,10,6,3,5,4,0,3,1.0,1.0,0.0,1.0,0.0,0.0
33,1,4,3,2,1,1,2799,3,2,0,6,1,3,3,2,0,2,4.0,0.0,0.0,0.0,1.0,1.0
58,5,3,3,2,3,2,10552,2,4,1,24,3,3,6,0,0,4,3.0,1.0,0.0,0.0,4.0,1.0
31,7,4,2,2,1,3,2329,3,2,0,13,2,4,7,7,5,2,0.0,0.0,0.0,1.0,6.0,0.0
35,21,1,4,3,2,4,4014,1,4,1,10,2,1,10,6,0,7,0.0,1.0,0.0,0.0,4.0,1.0
49,8,2,1,3,3,2,7403,4,3,1,29,3,2,5,9,1,7,4.0,1.0,0.0,0.0,2.0,0.0
48,20,4,4,3,1,3,2259,4,1,2,13,2,2,0,0,0,0,1.0,0.0,0.0,0.0,1.0,0.0
31,20,2,4,3,2,3,6932,1,4,1,9,2,2,9,8,0,0,2.0,1.0,0.0,1.0,0.0,0.0
36,7,4,2,3,1,4,4678,2,3,0,8,6,3,6,2,0,1,4.0,0.0,0.0,0.0,1.0,0.0
38,1,3,4,3,3,1,13582,1,2,1,15,3,3,15,12,5,11,3.0,1.0,0.0,0.0,7.0,0.0
32,1,3,3,2,1,2,2332,6,3,0,5,3,3,3,0,0,2,0.0,1.0,0.0,0.0,2.0,0.0
40,10,4,1,2,3,2,9705,2,2,1,11,2,2,1,0,0,0,2.0,0.0,0.0,1.0,0.0,0.0
26,1,3,3,2,2,1,4294,1,2,0,7,2,3,7,7,0,7,1.0,0.0,0.0,1.0,0.0,0.0
41,6,3,4,3,1,1,4721,2,3,0,20,3,3,5,13,2,3,1.0,0.0,0.0,0.0,2.0,1.0
36,2,4,3,3,1,3,2519,4,3,0,16,6,3,11,8,3,9,1.0,0.0,0.0,0.0,2.0,0.0
31,12,3,4,3,2,4,5855,0,3,2,10,2,1,9,7,1,5,1.0,1.0,0.0,0.0,4.0,1.0
40,9,4,4,3,1,2,3617,8,4,1,3,2,3,1,1,0,0,1.0,0.0,0.0,0.0,1.0,1.0
32,3,4,3,3,2,1,6725,1,3,1,8,2,4,8,7,6,3,1.0,1.0,0.0,0.0,3.0,0.0
33,1,3,2,2,2,4,6949,0,1,0,6,3,3,5,0,1,4,0.0,1.0,0.0,0.0,4.0,0.0
45,4,2,3,3,2,2,4447,1,2,0,9,5,2,9,7,0,8,0.0,0.0,0.0,0.0,2.0,0.0
29,20,3,3,3,1,4,2157,1,2,1,3,5,3,3,1,0,2,3.0,1.0,0.0,1.0,6.0,0.0
35,18,3,3,3,2,3,4601,1,2,0,5,3,3,5,2,1,0,1.0,1.0,0.0,1.0,0.0,0.0
52,1,2,4,3,4,4,17099,2,2,1,26,2,2,9,8,7,8,0.0,0.0,0.0,0.0,5.0,0.0
53,2,2,3,3,4,3,14852,6,3,1,22,3,4,5,13,1,2,1.0,0.0,0.0,1.0,5.0,0.0
30,8,2,3,3,3,3,7264,5,1,1,10,2,4,8,4,7,7,4.0,0.0,0.0,1.0,0.0,0.0
38,10,3,3,3,2,4,5666,1,2,0,6,1,3,5,3,1,3,3.0,1.0,0.0,1.0,0.0,1.0
35,3,4,4,3,3,4,7823,6,2,1,12,2,3,10,9,0,8,0.0,0.0,0.0,1.0,0.0,0.0
39,2,5,1,4,3,3,7880,0,4,0,9,3,3,8,7,0,7,0.0,0.0,0.0,1.0,0.0,0.0
47,16,4,3,4,2,3,5067,1,3,0,20,3,4,5,10,2,7,1.0,0.0,0.0,0.0,3.0,1.0
36,8,4,1,3,2,4,5079,4,4,2,12,3,3,7,7,0,7,3.0,0.0,0.0,1.0,0.0,0.0
33,17,3,4,3,4,3,17444,1,4,0,10,2,3,10,8,6,0,0.0,0.0,0.0,1.0,5.0,0.0
33,13,1,2,3,1,4,3452,3,1,0,5,4,3,3,2,0,2,0.0,1.0,0.0,0.0,1.0,0.0
45,1,4,4,3,1,4,2270,3,4,2,8,2,3,5,3,0,2,1.0,1.0,0.0,0.0,2.0,0.0
50,1,2,4,3,4,4,17399,9,3,1,10,1,2,5,4,1,3,1.0,0.0,0.0,0.0,7.0,0.0
33,1,4,3,4,2,2,5488,1,1,1,6,2,3,6,5,1,2,4.0,1.0,0.0,0.0,4.0,1.0
41,9,3,1,3,5,3,19419,2,2,1,21,2,4,5,3,0,11,1.0,0.0,0.0,0.0,7.0,0.0
27,16,4,3,3,1,2,2811,9,2,1,4,2,3,2,2,2,2,3.0,1.0,0.0,0.0,2.0,0.0
45,23,2,4,3,2,1,3633,1,3,1,9,2,3,9,8,0,8,0.0,0.0,0.0,0.0,2.0,1.0
47,4,2,4,3,2,4,4163,1,3,0,9,0,3,9,0,0,7,0.0,1.0,0.0,1.0,0.0,1.0
50,24,3,4,3,4,3,13973,3,4,1,22,2,3,12,11,1,5,0.0,0.0,0.0,0.0,3.0,1.0
38,10,1,3,3,1,3,2684,0,2,1,3,0,2,2,1,0,2,1.0,0.0,0.0,0.0,1.0,0.0
46,7,2,4,3,3,3,10845,6,2,1,13,3,3,8,7,0,7,1.0,0.0,0.0,0.0,3.0,0.0
24,17,1,4,2,2,3,4377,1,2,2,5,6,3,4,2,3,2,1.0,1.0,0.0,0.0,3.0,0.0
31,1,1,3,3,2,1,4148,1,3,1,4,1,3,4,3,0,3,0.0,1.0,0.0,0.0,3.0,0.0
18,5,2,2,3,1,4,1051,1,4,0,0,2,3,0,0,0,0,0.0,0.0,0.0,0.0,1.0,0.0
54,17,3,3,3,3,3,10739,8,3,1,22,2,3,10,7,0,8,3.0,1.0,0.0,0.0,3.0,0.0
35,25,4,3,3,3,3,10388,1,3,1,16,3,2,16,10,1,1,1.0,1.0,0.0,0.0,4.0,1.0
30,8,2,2,4,3,1,11416,0,3,3,9,4,2,8,7,1,7,0.0,1.0,0.0,0.0,7.0,1.0
26,2,2,4,4,2,4,5472,1,2,0,8,2,3,8,7,1,3,1.0,0.0,0.0,0.0,3.0,0.0
22,8,1,2,1,1,1,2451,1,1,1,4,3,2,4,3,1,1,0.0,0.0,0.0,0.0,2.0,0.0
48,6,3,1,2,2,3,4240,2,4,0,19,0,3,2,2,2,2,0.0,0.0,0.0,0.0,4.0,0.0
48,4,4,3,2,3,3,10999,7,2,0,27,3,3,15,11,4,8,0.0,0.0,0.0,0.0,4.0,0.0
41,7,2,4,3,2,3,5003,6,2,0,8,6,3,2,2,2,1,1.0,1.0,0.0,0.0,3.0,0.0
39,1,1,4,2,4,4,12742,1,3,1,21,3,3,5,6,1,8,0.0,1.0,0.0,0.0,3.0,0.0
27,2,4,1,3,2,4,4227,0,2,1,4,2,3,3,2,2,2,0.0,1.0,0.0,0.0,3.0,0.0
35,10,3,2,3,1,4,3917,1,1,1,3,4,2,3,2,1,2,4.0,0.0,0.0,0.0,2.0,0.0
42,5,2,4,3,5,3,18303,6,2,0,21,3,4,1,0,0,0,2.0,0.0,0.0,1.0,5.0,0.0
50,9,3,1,3,1,4,2380,4,2,0,8,5,3,1,0,0,0,0.0,0.0,0.0,0.0,2.0,0.0
59,2,3,3,2,4,4,13726,3,1,0,30,4,3,5,3,4,3,0.0,1.0,0.0,0.0,3.0,1.0
55,18,4,3,3,2,2,6385,3,4,2,17,3,3,8,7,6,7,1.0,0.0,0.0,0.0,4.0,1.0
41,7,1,2,1,5,3,19973,1,2,2,21,3,3,5,3,5,10,0.0,1.0,0.0,0.0,7.0,0.0
38,3,4,2,3,2,4,6861,8,3,0,19,1,3,1,0,0,0,0.0,0.0,0.0,1.0,0.0,1.0
44,28,3,4,4,4,4,13320,3,3,1,23,2,3,12,11,1,11,1.0,1.0,0.0,1.0,0.0,1.0
50,1,3,4,3,2,3,6347,0,1,1,19,3,3,5,7,0,13,0.0,1.0,0.0,1.0,0.0,0.0
39,22,3,4,3,3,1,10880,1,3,0,21,2,3,5,6,2,8,1.0,1.0,0.0,0.0,3.0,1.0
33,8,1,2,2,1,4,2342,0,4,0,3,2,2,2,2,2,2,0.0,1.0,0.0,1.0,6.0,0.0
45,11,2,4,3,4,4,17650,3,2,1,26,4,4,9,3,1,1,0.0,1.0,0.0,1.0,5.0,0.0
32,29,4,4,3,1,3,4025,9,2,0,10,2,3,8,7,7,7,1.0,1.0,0.0,0.0,2.0,0.0
34,1,4,2,4,2,4,9725,0,4,1,16,2,2,15,1,0,9,2.0,0.0,0.0,1.0,0.0,0.0
59,1,2,2,3,3,4,11904,3,3,1,14,1,1,6,4,0,4,3.0,0.0,0.0,1.0,5.0,1.0
45,24,4,2,3,1,2,2177,1,1,0,6,3,3,6,3,0,4,1.0,0.0,0.0,2.0,8.0,0.0
53,2,3,3,2,3,2,7525,2,1,1,30,2,3,15,7,6,12,2.0,1.0,0.0,1.0,0.0,0.0
34,10,4,3,3,1,3,2220,1,4,1,1,2,3,1,1,0,0,0.0,1.0,0.0,1.0,6.0,1.0
28,10,1,4,3,1,2,1052,1,2,0,1,5,3,1,0,0,0,1.0,0.0,0.0,1.0,6.0,0.0
38,3,4,3,3,1,3,2821,3,1,1,8,2,3,2,2,2,2,4.0,0.0,0.0,0.0,1.0,0.0
50,2,4,2,3,5,3,19237,2,4,1,29,2,2,8,1,7,7,1.0,0.0,0.0,0.0,7.0,1.0
37,3,3,4,3,2,2,4107,3,1,0,8,3,2,4,3,0,1,4.0,1.0,0.0,0.0,4.0,0.0
40,26,3,3,3,2,1,8396,1,2,1,8,3,2,7,7,7,5,2.0,0.0,0.0,1.0,0.0,0.0
26,1,1,1,2,1,3,2007,1,3,2,5,5,3,5,3,1,3,1.0,1.0,0.0,0.0,1.0,0.0
46,1,4,4,3,5,4,19627,9,4,2,23,0,3,2,2,2,2,1.0,0.0,0.0,0.0,7.0,0.0
54,2,4,3,2,3,3,10686,6,2,1,13,4,3,9,4,7,0,0.0,1.0,0.0,1.0,0.0,0.0
56,9,3,1,3,1,3,2942,2,2,1,18,4,3,5,4,0,3,1.0,1.0,0.0,0.0,1.0,0.0
36,12,5,4,2,3,4,8858,0,2,0,15,2,2,14,8,7,8,1.0,1.0,0.0,0.0,3.0,0.0
55,2,1,3,2,4,1,16756,7,2,0,31,3,4,9,7,6,2,1.0,0.0,0.0,0.0,5.0,0.0
43,25,3,3,2,3,4,10798,5,3,1,18,5,3,1,0,0,0,1.0,0.0,0.0,1.0,0.0,0.0
46,8,4,4,2,2,1,4615,8,1,3,19,2,3,16,13,1,7,0.0,1.0,0.0,0.0,1.0,1.0
26,1,2,1,2,1,1,3955,1,1,2,6,2,3,5,3,1,3,1.0,0.0,0.0,0.0,2.0,0.0
30,20,3,3,3,2,1,9957,0,3,1,7,1,2,6,2,0,2,4.0,0.0,0.0,0.0,3.0,0.0
41,7,2,2,4,1,3,3376,1,3,0,10,3,3,10,6,0,8,3.0,1.0,0.0,0.0,1.0,0.0
38,17,1,3,2,3,3,8823,0,1,1,20,4,2,5,9,1,9,0.0,1.0,0.0,0.0,4.0,0.0
40,20,4,1,3,3,4,10322,4,4,1,14,6,3,11,10,1,1,3.0,0.0,0.0,0.0,4.0,0.0
27,8,5,1,1,1,3,4621,1,4,3,3,4,3,3,2,1,2,0.0,0.0,0.0,0.0,2.0,0.0
55,2,1,4,3,3,2,10976,3,2,1,23,4,3,3,2,1,2,0.0,0.0,0.0,0.0,3.0,0.0
28,10,3,3,3,2,3,3660,3,4,0,10,4,4,8,7,1,7,4.0,1.0,0.0,0.0,1.0,0.0
33,5,3,4,2,3,4,7119,4,3,1,9,2,3,3,2,1,2,0.0,0.0,0.0,0.0,4.0,0.0
28,15,2,1,3,1,3,2207,1,4,1,4,5,2,4,2,2,2,0.0,0.0,0.0,0.0,2.0,0.0
34,3,1,1,3,2,4,7756,0,3,0,7,1,2,6,2,0,4,0.0,0.0,0.0,0.0,4.0,0.0
37,10,4,4,2,2,4,6694,2,3,3,8,5,3,1,0,0,0,0.0,1.0,0.0,1.0,0.0,1.0
42,2,2,4,3,4,1,17665,0,4,1,23,3,3,5,6,1,7,1.0,0.0,0.0,0.0,5.0,0.0
33,7,3,4,3,2,2,4302,0,3,1,4,3,3,3,2,0,2,0.0,1.0,0.0,1.0,0.0,0.0
34,3,4,3,2,1,4,2979,3,4,3,6,2,3,0,0,0,0,0.0,0.0,0.0,0.0,1.0,0.0
48,1,4,1,4,4,4,16885,2,3,0,27,3,2,5,4,2,1,1.0,0.0,0.0,0.0,5.0,0.0
45,9,4,2,2,2,3,5593,1,4,1,15,2,3,15,10,4,12,0.0,1.0,0.0,1.0,0.0,0.0
52,7,4,2,3,3,2,10445,7,4,0,18,4,3,8,6,4,0,0.0,0.0,0.0,0.0,4.0,0.0
38,10,4,3,2,3,3,8740,0,2,2,9,2,3,8,7,2,7,2.0,0.0,0.0,1.0,0.0,1.0
29,28,4,3,3,1,4,2514,4,1,1,11,1,3,7,5,1,7,0.0,1.0,0.0,0.0,1.0,0.0
28,3,3,4,3,3,2,7655,0,2,3,10,3,2,9,7,1,7,1.0,1.0,0.0,0.0,3.0,0.0
46,3,1,1,3,4,3,17465,3,4,1,23,3,3,12,9,4,9,2.0,0.0,0.0,1.0,5.0,0.0
38,2,2,4,3,3,2,7351,7,3,0,10,2,3,1,0,0,0,2.0,0.0,0.0,1.0,0.0,0.0
43,27,3,3,3,3,1,10820,8,3,1,18,1,3,8,7,0,1,0.0,1.0,0.0,0.0,3.0,0.0
40,14,3,3,2,5,3,19626,1,1,0,21,2,4,5,7,4,9,1.0,0.0,0.0,0.0,7.0,0.0
21,1,1,4,2,1,2,2070,1,3,0,2,6,4,2,2,2,2,3.0,1.0,0.0,0.0,1.0,1.0
39,9,3,3,3,2,2,6782,9,3,0,9,2,2,5,4,0,3,0.0,0.0,0.0,0.0,2.0,0.0
36,18,4,1,3,2,4,7779,2,1,0,18,0,3,11,9,0,9,0.0,0.0,0.0,0.0,3.0,0.0
31,20,3,3,4,1,4,2791,0,1,1,3,4,3,2,2,2,2,0.0,0.0,0.0,1.0,6.0,0.0
28,2,1,1,2,1,2,3201,0,1,0,6,2,1,5,3,0,4,0.0,0.0,0.0,0.0,1.0,0.0
35,11,2,4,3,2,4,4968,1,4,1,5,3,3,5,2,0,2,2.0,0.0,0.0,1.0,0.0,0.0
49,8,4,4,2,4,2,13120,6,2,1,22,3,3,9,8,2,3,3.0,0.0,0.0,1.0,0.0,0.0
34,2,2,4,3,2,3,4033,2,4,0,5,3,2,3,2,0,2,0.0,0.0,0.0,0.0,3.0,0.0
29,10,3,4,3,1,2,3291,0,4,2,8,2,2,7,5,1,1,0.0,1.0,0.0,0.0,1.0,0.0
42,29,3,2,1,2,4,4272,4,1,0,16,3,3,1,0,0,0,1.0,0.0,0.0,0.0,2.0,0.0
29,8,1,2,2,2,4,5056,1,3,1,10,2,2,10,7,1,2,1.0,0.0,0.0,0.0,3.0,1.0
38,1,3,3,4,1,3,2844,1,4,1,7,2,4,7,6,5,0,5.0,0.0,0.0,2.0,8.0,0.0
28,6,3,3,2,1,3,2703,1,4,1,3,2,3,3,1,0,2,0.0,0.0,0.0,0.0,1.0,1.0
41,12,4,2,3,1,4,4766,3,1,1,6,4,3,1,0,0,0,0.0,0.0,0.0,0.0,2.0,1.0
37,25,2,3,2,2,4,5731,7,3,2,9,2,3,6,2,1,3,1.0,1.0,0.0,0.0,4.0,0.0
27,6,3,4,2,1,3,2539,1,3,1,4,0,3,4,2,2,2,0.0,0.0,0.0,0.0,1.0,0.0
34,9,1,2,3,2,3,5714,1,1,0,6,3,2,6,5,1,3,0.0,1.0,0.0,1.0,0.0,0.0
35,8,4,3,3,1,3,4323,1,2,0,6,2,1,5,4,1,4,3.0,0.0,0.0,2.0,8.0,0.0
40,9,4,2,3,3,3,13499,9,3,0,20,3,2,5,7,2,13,1.0,1.0,0.0,0.0,7.0,0.0
42,4,4,2,3,2,1,5155,7,4,0,9,3,4,6,4,1,5,2.0,0.0,0.0,1.0,0.0,0.0
35,1,4,4,2,1,3,2258,6,2,1,10,2,3,8,0,1,7,1.0,0.0,0.0,0.0,2.0,0.0
24,24,3,4,3,1,2,3597,8,4,0,6,2,3,4,3,1,2,1.0,0.0,0.0,0.0,2.0,0.0
26,3,4,1,4,1,4,4420,1,2,1,8,2,3,8,7,0,7,1.0,0.0,0.0,0.0,2.0,0.0
30,10,3,3,2,2,3,6578,1,1,1,10,3,3,10,3,1,4,2.0,0.0,0.0,1.0,0.0,0.0
40,26,2,3,2,2,4,4422,3,4,1,16,3,1,1,1,0,0,1.0,1.0,0.0,0.0,1.0,1.0
35,2,3,3,2,3,2,10274,2,2,1,15,2,4,7,7,6,4,0.0,0.0,0.0,0.0,3.0,0.0
34,1,3,4,2,2,1,5343,0,3,0,14,3,3,13,9,4,9,1.0,0.0,0.0,0.0,4.0,0.0
35,4,4,4,2,1,4,2376,1,2,1,2,2,4,2,2,2,2,4.0,0.0,0.0,0.0,2.0,0.0
32,2,1,3,3,1,1,2827,1,3,3,1,3,3,1,0,0,0,0.0,1.0,0.0,1.0,6.0,0.0
56,4,4,4,3,5,1,19943,4,4,1,28,2,3,5,2,4,2,3.0,1.0,0.0,0.0,5.0,0.0
29,6,1,2,3,1,4,3131,1,1,1,10,5,3,10,8,0,8,1.0,1.0,0.0,0.0,2.0,0.0
19,9,2,3,3,1,1,2552,1,3,0,1,4,3,1,1,0,0,0.0,0.0,0.0,0.0,1.0,0.0
45,7,3,1,3,1,3,4477,4,3,1,7,2,2,3,2,0,2,1.0,1.0,0.0,0.0,1.0,1.0
37,1,3,4,2,2,4,6474,1,2,1,14,2,2,14,8,3,11,0.0,1.0,0.0,0.0,3.0,0.0
20,3,3,1,2,1,3,3033,1,1,0,2,2,2,2,2,1,2,0.0,0.0,0.0,0.0,2.0,0.0
53,7,2,4,3,5,3,18606,3,2,1,26,6,3,7,7,4,7,1.0,1.0,0.0,0.0,5.0,0.0
29,15,1,2,1,1,4,2168,0,1,1,6,2,2,5,4,1,3,0.0,1.0,0.0,0.0,1.0,1.0
46,2,3,3,3,4,1,17048,8,1,0,28,2,3,5,3,1,9,2.0,1.0,0.0,1.0,5.0,0.0
44,17,3,4,1,1,3,2290,2,4,0,6,3,3,0,0,0,0,0.0,0.0,0.0,0.0,1.0,0.0
33,2,3,2,3,1,3,3600,1,4,1,5,2,3,5,4,1,4,5.0,0.0,0.0,2.0,8.0,0.0
30,29,4,3,3,2,1,4115,8,3,3,8,3,3,4,3,0,3,0.0,0.0,0.0,1.0,0.0,0.0
40,2,4,2,3,2,2,4327,5,4,3,5,2,3,0,0,0,0,1.0,0.0,0.0,1.0,0.0,0.0
50,2,3,4,3,4,1,17856,2,3,1,10,3,3,2,2,2,2,1.0,1.0,0.0,0.0,5.0,0.0
28,19,4,4,2,1,1,3196,1,3,3,6,2,3,6,5,3,3,1.0,0.0,0.0,0.0,2.0,0.0
46,15,2,4,3,5,2,19081,5,1,1,25,2,3,4,2,0,3,0.0,0.0,0.0,0.0,7.0,0.0
35,17,4,3,3,2,1,8966,3,4,3,15,2,3,7,7,1,7,0.0,0.0,0.0,1.0,0.0,1.0
33,25,3,2,3,2,3,4539,1,1,1,10,3,2,10,7,0,1,1.0,1.0,0.0,1.0,0.0,0.0
36,6,4,3,1,1,3,2741,1,3,1,7,4,3,7,7,1,7,0.0,0.0,0.0,0.0,2.0,0.0
30,7,4,3,3,2,3,3491,1,1,3,10,4,2,10,7,1,9,0.0,0.0,0.0,0.0,2.0,0.0
44,29,4,4,3,2,4,4541,1,2,0,20,3,3,5,11,1,3,4.0,0.0,0.0,0.0,1.0,0.0
20,21,3,3,4,1,4,2678,1,4,0,2,2,3,2,1,2,2,2.0,0.0,0.0,1.0,6.0,0.0
46,2,4,4,3,2,4,7379,2,3,1,12,3,2,6,3,1,4,3.0,0.0,0.0,0.0,3.0,0.0
42,2,5,4,4,2,1,6272,7,1,1,10,3,4,4,3,0,3,1.0,0.0,0.0,2.0,8.0,0.0
60,7,4,2,4,2,4,5220,0,2,1,12,3,3,11,7,1,9,2.0,0.0,0.0,1.0,0.0,1.0
32,13,3,3,2,1,2,2743,1,3,1,2,2,3,2,2,2,2,4.0,1.0,0.0,0.0,2.0,0.0
32,2,2,4,3,2,3,4998,4,4,0,10,2,3,8,7,0,7,0.0,1.0,0.0,0.0,1.0,1.0
36,1,3,3,1,3,1,10252,2,3,1,17,2,3,7,7,7,7,3.0,1.0,0.0,0.0,3.0,1.0
33,9,3,1,3,1,4,2781,0,2,1,15,5,3,14,10,4,10,1.0,0.0,0.0,0.0,1.0,0.0
40,10,3,2,2,2,2,6852,7,2,1,7,2,4,5,1,1,3,3.0,1.0,0.0,1.0,0.0,0.0
25,10,4,3,3,2,4,4950,0,2,0,5,4,3,4,3,1,1,0.0,0.0,0.0,1.0,0.0,0.0
30,1,3,4,3,1,2,3579,0,1,1,12,2,3,11,9,5,7,1.0,0.0,0.0,0.0,1.0,1.0
42,26,5,1,3,3,1,13191,3,3,0,20,6,3,1,0,0,0,1.0,1.0,0.0,0.0,7.0,1.0
35,8,2,3,2,3,4,10377,4,2,1,16,6,2,13,2,4,12,2.0,1.0,0.0,1.0,0.0,1.0
27,14,3,1,3,1,1,2235,1,4,2,9,3,2,9,7,6,8,0.0,0.0,0.0,0.0,1.0,1.0
54,1,4,4,3,3,3,10502,7,1,1,10,2,1,5,4,1,4,0.0,1.0,0.0,0.0,3.0,0.0
44,2,1,1,4,1,4,2011,1,4,1,10,5,3,10,5,7,7,0.0,1.0,0.0,0.0,1.0,0.0
29,1,3,1,3,1,4,3760,1,1,3,3,5,3,3,2,1,2,0.0,1.0,0.0,0.0,1.0,0.0
54,3,3,4,3,4,4,17779,3,1,0,10,2,3,10,9,0,9,0.0,0.0,0.0,0.0,7.0,0.0
31,11,2,3,3,2,1,6833,1,4,0,6,2,2,6,5,0,1,1.0,0.0,0.0,0.0,4.0,1.0
31,24,3,3,2,2,1,6812,1,2,0,10,2,3,10,9,1,8,1.0,1.0,0.0,0.0,4.0,0.0
59,3,3,3,2,2,4,5171,5,4,0,13,2,3,6,1,0,5,0.0,1.0,0.0,1.0,0.0,0.0
43,3,3,3,1,5,4,19740,3,2,1,25,2,3,8,7,0,7,0.0,0.0,0.0,0.0,7.0,0.0
49,4,2,1,2,5,3,18711,2,3,1,23,2,4,1,0,0,0,1.0,0.0,0.0,0.0,5.0,0.0
36,3,3,3,3,1,2,3692,1,3,0,12,2,2,11,10,0,7,3.0,0.0,0.0,0.0,1.0,0.0
48,2,2,4,4,1,2,2559,5,3,0,7,4,2,1,0,0,0,3.0,0.0,0.0,0.0,2.0,0.0
27,4,2,1,3,1,3,2517,1,2,3,5,2,3,5,3,0,3,0.0,0.0,0.0,0.0,1.0,0.0
29,7,3,3,3,2,4,6623,1,2,2,6,2,3,6,0,1,0,0.0,0.0,0.0,0.0,4.0,1.0
48,1,3,4,2,5,4,18265,6,3,0,25,3,4,1,0,0,0,0.0,0.0,0.0,0.0,7.0,0.0
29,1,3,4,2,4,4,16124,3,2,2,9,2,2,7,7,1,7,0.0,1.0,0.0,0.0,7.0,0.0
34,20,3,3,4,1,3,2585,0,4,0,2,5,2,1,0,0,0,3.0,1.0,0.0,0.0,1.0,0.0
44,5,3,2,3,5,2,18213,7,3,1,26,5,3,5,9,3,10,2.0,0.0,0.0,1.0,5.0,0.0
33,10,5,4,4,3,3,8380,0,4,2,10,3,3,9,8,0,8,2.0,0.0,0.0,1.0,0.0,1.0
19,25,3,2,4,1,4,2994,1,4,0,1,2,3,1,0,0,1,0.0,1.0,0.0,0.0,1.0,1.0
23,1,2,4,3,1,3,1223,1,4,1,1,2,3,1,0,0,1,0.0,0.0,0.0,0.0,1.0,0.0
26,4,2,3,3,1,4,2875,1,2,0,8,2,2,8,5,2,2,0.0,0.0,0.0,0.0,1.0,1.0
55,8,1,4,2,4,2,13577,1,4,1,10,3,3,5,9,1,0,1.0,0.0,0.0,0.0,4.0,1.0
46,4,2,4,2,5,2,18789,2,3,1,26,2,3,11,4,0,8,2.0,1.0,0.0,1.0,5.0,0.0
34,2,3,3,3,2,1,4538,0,4,0,4,3,3,3,2,0,2,2.0,1.0,0.0,1.0,0.0,1.0
51,9,3,4,3,5,2,19847,4,1,1,31,5,2,5,10,1,10,0.0,0.0,0.0,1.0,5.0,1.0
59,18,4,4,3,3,4,10512,6,4,0,25,6,2,9,7,5,4,1.0,0.0,0.0,0.0,3.0,0.0
34,19,3,3,3,2,2,4444,4,3,2,15,2,4,11,8,5,10,1.0,1.0,0.0,0.0,2.0,0.0
28,1,4,4,3,1,3,2154,0,3,0,5,2,2,4,2,0,2,1.0,0.0,0.0,0.0,2.0,1.0
44,4,2,3,4,5,1,19190,1,4,2,26,4,2,5,9,1,13,0.0,0.0,0.0,0.0,5.0,0.0
34,11,3,3,2,2,2,4490,4,4,2,14,5,4,10,9,1,8,0.0,0.0,0.0,2.0,8.0,0.0
35,6,1,3,3,1,3,3506,0,4,0,4,3,3,3,2,2,2,0.0,0.0,0.0,0.0,1.0,1.0
42,7,4,2,4,2,2,2372,6,4,0,18,2,3,1,0,0,0,1.0,1.0,0.0,0.0,1.0,1.0
43,4,4,4,2,3,4,10231,3,4,0,23,3,4,5,7,1,3,2.0,1.0,0.0,1.0,0.0,0.0
36,2,4,3,3,2,2,5410,9,4,0,18,2,3,16,3,5,12,0.0,1.0,0.0,0.0,3.0,1.0
28,2,3,4,2,1,4,3867,1,2,1,2,2,3,2,2,2,2,0.0,0.0,0.0,0.0,2.0,1.0
51,6,2,2,2,1,3,2838,0,2,0,8,6,2,7,0,7,7,1.0,1.0,0.0,0.0,2.0,0.0
30,9,2,3,3,2,3,4695,7,3,0,10,3,3,8,4,1,7,1.0,1.0,0.0,0.0,3.0,1.0
28,1,3,4,3,1,1,2080,2,2,0,5,2,2,3,2,1,2,3.0,0.0,0.0,0.0,1.0,0.0
25,1,3,4,3,1,2,2096,1,4,0,2,3,2,2,2,2,1,1.0,1.0,0.0,0.0,1.0,0.0
32,8,3,3,4,2,4,6209,1,3,2,10,4,4,10,7,0,8,1.0,0.0,0.0,1.0,0.0,0.0
45,25,3,2,3,5,2,18061,3,3,0,22,4,3,0,0,0,0,1.0,1.0,0.0,0.0,5.0,0.0
39,13,4,3,2,4,2,17123,6,4,2,21,4,3,5,9,1,2,1.0,1.0,0.0,0.0,5.0,1.0
58,23,4,1,3,1,3,2372,1,4,2,2,3,3,2,2,2,2,0.0,0.0,0.0,0.0,1.0,0.0
30,6,3,1,2,2,4,4627,0,1,1,10,6,3,9,2,6,7,3.0,1.0,0.0,0.0,2.0,0.0
36,10,4,4,3,3,3,7094,3,1,0,10,0,3,7,7,1,7,3.0,1.0,0.0,0.0,4.0,0.0
46,1,2,4,3,1,1,3423,6,3,0,10,3,4,7,6,5,7,0.0,1.0,0.0,2.0,8.0,0.0
28,1,3,3,1,2,4,6674,0,1,3,10,6,3,9,8,7,5,0.0,1.0,0.0,0.0,2.0,0.0
50,28,3,4,3,4,1,16880,4,2,0,25,2,3,3,2,1,2,0.0,1.0,0.0,0.0,7.0,1.0
30,17,4,2,3,3,1,11916,1,4,2,9,2,3,9,1,0,8,1.0,1.0,0.0,0.0,5.0,1.0
39,18,2,1,3,2,3,4534,0,1,0,9,6,3,8,7,1,7,0.0,0.0,0.0,0.0,3.0,0.0
31,2,4,4,3,3,3,9852,1,1,1,10,5,2,10,8,1,6,0.0,1.0,0.0,1.0,0.0,1.0
41,10,2,3,1,2,2,6151,1,1,0,19,4,3,5,2,1,9,1.0,0.0,0.0,1.0,0.0,0.0
42,2,1,3,3,4,3,17861,0,4,0,21,3,2,5,8,2,10,0.0,0.0,0.0,0.0,5.0,1.0
55,2,2,4,1,5,3,19187,4,4,1,23,5,3,5,9,1,11,1.0,1.0,0.0,0.0,5.0,0.0
56,8,4,4,3,5,2,19717,6,1,0,10,4,3,7,3,7,7,0.0,0.0,0.0,2.0,5.0,0.0
40,16,2,3,3,1,3,3544,9,2,1,6,0,3,4,2,0,0,0.0,0.0,0.0,0.0,1.0,0.0
34,9,3,4,3,3,4,8500,0,4,1,10,0,2,9,7,1,6,0.0,0.0,0.0,0.0,4.0,0.0
40,2,3,3,3,2,4,4661,1,3,0,9,4,3,9,8,1,8,0.0,0.0,0.0,0.0,1.0,0.0
41,1,3,3,3,2,1,4103,0,4,1,10,2,3,9,3,1,7,2.0,1.0,0.0,1.0,0.0,0.0
35,4,4,3,3,2,3,4249,1,2,0,9,3,3,9,6,1,1,0.0,0.0,0.0,0.0,1.0,1.0
51,5,3,3,3,4,2,14026,1,2,1,10,2,3,5,9,0,10,0.0,0.0,0.0,2.0,5.0,1.0
38,2,2,2,3,2,1,6893,3,4,1,11,3,3,7,7,1,7,0.0,1.0,0.0,1.0,0.0,0.0
34,15,2,3,3,2,1,6125,1,4,0,10,6,4,10,8,1,6,1.0,1.0,0.0,1.0,0.0,0.0
25,19,1,4,3,1,4,3669,3,3,3,7,6,2,3,2,1,2,1.0,0.0,0.0,0.0,2.0,0.0
40,1,4,2,3,1,2,2387,3,3,1,7,3,3,4,2,0,3,0.0,0.0,0.0,0.0,2.0,0.0
36,7,3,1,4,2,1,4639,2,4,1,17,2,2,15,7,6,13,2.0,1.0,0.0,1.0,0.0,0.0
48,4,3,4,3,3,4,7898,1,3,0,11,2,3,10,9,0,8,0.0,0.0,0.0,0.0,3.0,0.0
27,11,3,3,4,1,4,2534,8,2,1,5,4,3,1,0,0,0,1.0,1.0,0.0,1.0,6.0,0.0
51,11,2,4,2,4,2,13142,3,2,0,29,1,2,5,2,0,3,3.0,1.0,0.0,0.0,3.0,0.0
18,1,3,4,3,1,4,1611,1,3,0,0,5,4,0,0,0,0,0.0,1.0,0.0,0.0,2.0,0.0
35,1,3,4,2,2,4,5363,0,2,1,10,0,3,9,7,0,0,1.0,1.0,0.0,0.0,2.0,0.0
27,2,1,4,1,2,4,5071,3,2,0,8,3,3,6,2,0,0,0.0,0.0,0.0,1.0,0.0,0.0
56,23,3,4,3,4,2,13402,4,1,1,10,0,3,5,3,1,9,0.0,0.0,0.0,0.0,3.0,1.0
34,26,1,1,2,1,3,2029,1,3,3,5,2,3,5,4,0,0,3.0,1.0,0.0,0.0,1.0,0.0
40,2,1,2,4,2,3,6377,5,2,3,15,0,3,12,11,1,8,1.0,1.0,0.0,0.0,4.0,0.0
34,29,3,2,3,2,3,5429,4,1,2,10,1,3,8,7,7,7,1.0,0.0,0.0,0.0,2.0,0.0
38,7,3,4,4,1,3,2610,1,4,3,4,2,3,4,2,0,3,0.0,0.0,0.0,0.0,1.0,0.0
34,2,4,3,3,2,4,6687,1,4,0,14,2,4,14,11,4,11,3.0,1.0,0.0,0.0,4.0,0.0
28,26,3,3,2,2,1,4724,1,3,1,5,0,3,5,3,0,4,0.0,0.0,0.0,1.0,0.0,0.0
39,21,4,1,2,2,4,6120,3,4,2,8,2,4,5,4,1,4,0.0,0.0,0.0,1.0,0.0,1.0
51,2,3,2,3,3,2,10596,2,2,0,14,5,3,4,2,3,2,2.0,0.0,0.0,1.0,0.0,0.0
41,22,3,4,3,2,4,5467,3,1,2,12,4,2,6,2,3,3,0.0,1.0,0.0,0.0,1.0,1.0
37,4,1,3,3,1,3,2996,7,4,0,8,2,3,6,4,1,3,0.0,0.0,0.0,0.0,1.0,1.0
33,5,1,2,3,2,4,9998,6,1,0,8,2,4,5,4,1,2,0.0,0.0,0.0,1.0,0.0,0.0
32,2,1,3,3,2,2,4078,0,1,3,4,3,2,3,2,1,2,2.0,0.0,0.0,1.0,0.0,1.0
39,25,2,3,3,3,3,10920,3,2,1,13,2,3,6,4,0,5,0.0,0.0,0.0,0.0,4.0,0.0
25,18,1,1,4,2,3,6232,2,2,0,6,3,2,3,2,1,2,0.0,0.0,0.0,1.0,0.0,0.0
52,28,2,4,4,4,3,13247,2,2,1,24,3,2,5,3,0,2,1.0,1.0,0.0,0.0,3.0,1.0
43,6,3,1,2,2,3,4081,1,1,0,20,3,1,5,7,1,8,1.0,1.0,0.0,0.0,1.0,1.0
27,10,3,4,2,2,4,5769,1,4,0,6,3,3,6,2,4,4,2.0,1.0,0.0,1.0,0.0,1.0
26,2,1,1,2,1,4,3904,0,4,0,5,2,3,4,3,1,1,1.0,0.0,0.0,0.0,1.0,0.0
42,10,3,3,3,4,1,16799,0,3,1,21,5,3,5,7,0,9,5.0,1.0,0.0,2.0,5.0,0.0
52,8,4,3,3,1,1,2950,9,3,0,12,2,1,5,4,0,4,4.0,1.0,0.0,0.0,2.0,0.0
37,11,3,1,3,1,3,3629,4,1,0,8,6,3,3,2,0,2,1.0,1.0,0.0,0.0,2.0,0.0
35,18,2,3,3,3,4,9362,2,3,0,10,2,3,2,2,2,2,0.0,0.0,0.0,0.0,3.0,0.0
25,1,3,1,3,1,4,3229,4,2,1,7,2,2,3,2,0,2,3.0,0.0,0.0,0.0,2.0,0.0
26,7,3,3,4,1,1,3578,0,4,0,8,2,3,7,7,0,7,4.0,0.0,0.0,0.0,2.0,0.0
29,17,3,2,2,3,1,7988,1,1,0,10,3,2,10,9,0,9,4.0,0.0,0.0,2.0,8.0,0.0
54,1,3,4,3,4,4,17328,6,4,0,29,3,2,5,7,1,7,1.0,1.0,0.0,0.0,7.0,0.0
58,1,3,4,3,5,1,19701,3,3,1,10,3,3,9,8,1,5,1.0,1.0,0.0,0.0,7.0,1.0
55,1,4,2,4,4,4,14732,2,4,2,31,4,4,7,7,0,0,1.0,0.0,0.0,0.0,7.0,0.0
36,3,4,1,3,2,2,9278,3,4,0,15,3,3,5,4,0,1,2.0,1.0,0.0,1.0,0.0,1.0
30,7,4,4,3,2,1,4779,7,2,2,8,3,3,3,2,0,2,2.0,1.0,0.0,1.0,0.0,0.0
31,8,5,1,3,4,2,16422,3,3,0,9,3,4,3,2,1,0,0.0,1.0,0.0,0.0,7.0,0.0
34,1,4,4,3,1,1,2996,5,3,2,10,2,3,4,3,1,3,4.0,0.0,0.0,0.0,1.0,0.0
27,11,1,2,3,1,1,2099,0,2,0,6,3,4,5,0,1,4,0.0,0.0,0.0,0.0,2.0,0.0
36,4,4,1,2,2,4,5810,1,3,0,10,2,2,10,4,1,8,0.0,0.0,0.0,0.0,2.0,0.0
36,16,4,3,2,2,1,5647,4,1,2,11,3,2,3,2,0,2,2.0,1.0,0.0,1.0,0.0,0.0
47,1,3,1,3,1,4,3420,7,3,1,17,2,2,6,5,1,2,3.0,0.0,0.0,0.0,1.0,0.0
37,5,2,3,4,1,3,3500,0,1,0,7,2,1,6,5,1,3,3.0,0.0,0.0,0.0,2.0,0.0
56,1,2,1,3,1,1,2066,2,4,1,5,3,4,3,2,1,0,0.0,1.0,0.0,0.0,1.0,0.0
47,2,4,1,3,4,3,17169,3,2,2,26,2,4,5,3,5,6,1.0,1.0,0.0,0.0,7.0,0.0
24,4,1,4,3,2,3,4162,1,3,2,5,3,3,5,4,0,3,1.0,1.0,0.0,1.0,0.0,1.0
32,7,5,4,3,2,4,9204,4,3,1,7,3,2,4,3,0,3,2.0,0.0,0.0,1.0,0.0,0.0
34,1,3,4,2,1,2,3294,5,1,1,7,2,2,5,4,0,2,0.0,1.0,0.0,0.0,2.0,0.0
41,5,5,2,4,1,3,2127,2,1,0,7,5,2,4,2,0,3,1.0,0.0,0.0,0.0,1.0,1.0
40,9,4,3,3,2,3,3975,3,3,2,11,2,4,8,7,0,7,4.0,0.0,0.0,0.0,2.0,0.0
31,8,2,1,3,3,4,10793,1,1,1,13,5,3,13,7,1,9,0.0,0.0,0.0,1.0,0.0,0.0
45,20,3,2,1,3,1,10851,2,2,1,24,2,3,7,7,0,7,1.0,0.0,0.0,0.0,4.0,1.0
31,8,2,4,4,1,2,2109,9,4,0,8,3,3,3,2,0,2,1.0,1.0,0.0,2.0,8.0,0.0
45,29,3,2,3,3,4,9380,4,4,2,10,4,4,3,1,1,2,3.0,0.0,0.0,0.0,3.0,1.0
48,7,3,3,3,2,1,5486,4,1,3,15,3,3,2,2,2,2,2.0,0.0,0.0,1.0,0.0,0.0
40,8,1,4,2,3,2,13757,2,3,1,16,5,3,9,8,4,8,1.0,0.0,0.0,0.0,7.0,0.0
28,5,3,4,3,2,1,8463,0,4,0,6,4,3,5,4,1,3,1.0,0.0,0.0,1.0,0.0,0.0
44,5,3,3,2,1,3,3162,3,4,0,7,5,3,5,2,0,3,0.0,0.0,0.0,0.0,2.0,0.0
53,2,3,4,4,4,2,16598,4,2,0,10,2,2,9,8,1,8,1.0,0.0,0.0,0.0,7.0,0.0
49,5,4,1,3,2,3,6651,2,2,1,20,0,2,3,2,1,2,3.0,0.0,0.0,0.0,4.0,0.0
40,2,3,3,3,1,3,2345,2,3,1,8,3,4,3,1,1,2,1.0,0.0,0.0,0.0,1.0,0.0
44,20,3,4,3,1,2,3420,1,3,0,6,3,2,5,2,1,3,0.0,0.0,0.0,0.0,1.0,0.0
33,7,3,4,3,2,1,4373,0,1,2,5,2,3,4,3,0,3,1.0,0.0,0.0,1.0,0.0,0.0
34,3,3,4,1,2,1,4759,3,4,0,15,2,3,13,9,3,12,4.0,0.0,0.0,1.0,0.0,0.0
30,16,1,4,3,2,3,5301,8,3,2,4,2,2,2,1,2,2,0.0,0.0,0.0,1.0,0.0,0.0
42,9,2,1,3,1,4,3673,1,3,0,12,3,3,12,9,5,8,1.0,1.0,0.0,0.0,2.0,0.0
44,1,5,1,3,2,3,4768,7,3,1,11,4,2,1,0,0,0,2.0,1.0,0.0,1.0,0.0,0.0
30,7,3,3,3,1,3,1274,1,2,2,1,2,2,1,0,0,0,3.0,0.0,0.0,0.0,1.0,0.0
57,1,2,2,4,2,3,4900,0,1,1,13,2,2,12,9,2,8,0.0,0.0,0.0,0.0,1.0,0.0
49,7,4,3,3,3,2,10466,3,2,2,29,3,3,8,7,0,7,0.0,0.0,0.0,0.0,4.0,0.0
34,15,3,2,3,4,1,17007,7,4,2,16,3,2,14,8,6,9,1.0,0.0,0.0,0.0,7.0,0.0
35,7,1,4,3,1,3,2404,1,1,1,1,3,3,1,0,0,0,0.0,0.0,0.0,1.0,6.0,0.0
24,13,2,4,3,1,2,2033,1,3,1,1,2,3,1,0,0,0,0.0,1.0,0.0,1.0,6.0,0.0
44,2,1,2,3,3,3,10209,5,2,0,16,2,2,2,2,2,2,1.0,0.0,0.0,0.0,3.0,1.0
29,19,3,3,2,2,3,8620,1,3,2,10,3,3,10,7,0,4,0.0,0.0,0.0,1.0,0.0,0.0
30,1,3,3,3,1,3,2064,0,1,1,6,3,4,5,3,1,3,0.0,0.0,0.0,2.0,8.0,0.0
55,4,4,4,3,2,3,4035,0,2,0,4,2,3,3,2,1,2,0.0,0.0,0.0,0.0,4.0,1.0
33,4,4,1,2,1,2,3838,8,4,0,8,5,3,5,4,0,2,1.0,1.0,0.0,0.0,2.0,0.0
47,14,3,3,3,2,3,4591,3,3,1,11,4,2,5,4,1,2,1.0,1.0,0.0,1.0,0.0,1.0
28,1,3,1,2,1,3,1563,1,4,1,1,2,1,1,0,0,0,0.0,0.0,0.0,0.0,1.0,0.0
28,7,3,3,3,2,1,4898,0,4,0,5,5,3,4,2,1,3,0.0,0.0,0.0,1.0,0.0,0.0
49,3,2,3,2,2,1,4789,4,1,1,10,3,3,3,2,1,2,1.0,1.0,0.0,0.0,2.0,0.0
29,2,1,4,3,1,2,3180,0,3,3,4,3,3,3,2,0,2,0.0,1.0,0.0,0.0,2.0,0.0
28,29,1,3,1,2,2,6549,1,2,2,8,2,2,8,6,1,7,0.0,0.0,0.0,0.0,3.0,0.0
33,8,5,4,3,2,3,6388,2,1,0,14,6,3,0,0,0,0,0.0,0.0,0.0,0.0,4.0,1.0
32,10,3,3,3,3,4,11244,2,2,0,10,5,4,5,2,0,0,1.0,0.0,0.0,0.0,5.0,0.0
54,11,4,2,3,4,4,16032,3,1,1,26,2,3,14,9,1,12,1.0,1.0,0.0,0.0,5.0,0.0
44,28,3,4,3,4,1,16328,3,3,1,24,1,4,5,6,1,3,0.0,0.0,0.0,0.0,7.0,0.0
39,6,3,2,3,3,2,8376,4,4,0,9,3,3,2,0,2,2,0.0,1.0,0.0,0.0,3.0,0.0
46,3,3,3,3,4,2,16606,8,4,1,23,2,4,13,12,5,1,0.0,1.0,0.0,1.0,5.0,0.0
35,16,3,4,2,3,2,8606,1,4,0,11,3,1,11,8,3,3,0.0,1.0,0.0,0.0,4.0,0.0
23,20,1,1,3,2,3,2272,0,2,0,5,2,3,4,3,1,2,0.0,0.0,0.0,0.0,2.0,0.0
34,1,3,4,2,3,3,7083,1,4,0,10,3,3,10,9,1,6,3.0,0.0,0.0,1.0,0.0,1.0
50,22,5,3,1,4,4,14411,1,4,0,10,2,3,5,6,1,9,1.0,0.0,0.0,0.0,7.0,1.0
34,7,2,2,3,1,3,2308,0,2,1,12,4,3,11,10,5,7,3.0,0.0,0.0,1.0,6.0,1.0
42,2,3,3,2,1,2,4841,4,2,1,4,3,3,1,0,0,0,1.0,0.0,0.0,0.0,2.0,0.0
37,13,3,1,3,2,4,4285,1,1,0,10,2,3,10,8,3,7,1.0,0.0,0.0,0.0,1.0,0.0
29,8,1,3,1,2,1,9715,3,3,1,9,3,3,7,7,0,7,4.0,1.0,0.0,0.0,4.0,0.0
33,25,3,4,2,2,2,4320,1,4,0,5,2,3,5,3,0,2,0.0,0.0,0.0,0.0,3.0,0.0
45,28,3,4,3,1,4,2132,4,4,1,8,3,3,5,4,0,3,3.0,0.0,0.0,0.0,1.0,0.0
42,2,3,4,3,3,4,10124,2,3,1,24,3,1,5,8,1,9,0.0,0.0,0.0,0.0,4.0,1.0
40,9,2,1,3,2,1,5473,0,4,0,9,5,4,8,4,7,1,1.0,0.0,0.0,1.0,0.0,0.0
33,28,4,2,3,2,3,5207,1,2,1,15,3,3,15,3,5,7,0.0,0.0,0.0,0.0,2.0,1.0
40,6,2,3,3,4,4,16437,1,4,0,21,2,3,5,7,7,7,1.0,0.0,0.0,2.0,5.0,1.0
24,21,2,3,2,1,1,2296,0,2,3,2,3,3,1,1,0,0,3.0,0.0,0.0,0.0,2.0,0.0
40,8,2,4,3,2,4,4069,3,3,0,8,2,3,2,2,2,2,0.0,0.0,0.0,0.0,4.0,1.0
45,1,4,1,3,3,2,7441,1,1,3,10,4,3,10,8,7,7,3.0,0.0,0.0,0.0,4.0,0.0
35,28,4,2,2,1,3,2430,0,1,2,6,5,3,5,3,4,2,0.0,1.0,0.0,1.0,6.0,0.0
32,5,2,4,2,2,2,5878,3,1,1,12,2,3,7,1,2,5,0.0,1.0,0.0,0.0,1.0,0.0
36,2,4,3,3,1,4,2644,3,4,0,7,3,2,3,2,1,2,0.0,0.0,0.0,1.0,6.0,1.0
48,16,4,3,3,2,3,6439,8,3,1,18,2,3,8,7,7,7,0.0,1.0,0.0,1.0,0.0,0.0
29,9,3,3,4,1,3,2451,6,1,2,5,2,2,1,0,0,0,0.0,0.0,0.0,0.0,1.0,0.0
33,8,4,1,3,2,1,6392,2,4,1,8,6,1,2,2,2,2,0.0,0.0,0.0,1.0,0.0,0.0
38,10,4,3,3,2,3,6077,3,3,0,10,2,3,6,3,1,2,5.0,0.0,0.0,2.0,8.0,0.0
35,1,3,4,2,1,1,2450,1,2,0,3,3,3,3,0,1,2,1.0,0.0,0.0,0.0,2.0,0.0
30,29,4,3,3,3,2,9250,3,2,1,9,3,3,4,2,1,3,3.0,0.0,0.0,1.0,0.0,0.0
32,1,4,4,3,2,1,4087,4,2,1,9,3,2,6,5,1,2,3.0,0.0,0.0,0.0,1.0,0.0
48,15,4,3,3,1,1,2367,8,4,1,10,3,2,8,2,7,6,4.0,1.0,0.0,0.0,1.0,0.0
34,7,4,1,3,1,4,2972,1,3,0,1,4,1,1,0,0,0,1.0,0.0,0.0,0.0,1.0,0.0
55,26,5,3,2,5,4,19586,1,3,1,10,3,3,5,6,2,13,2.0,0.0,0.0,1.0,5.0,0.0
34,1,4,2,3,2,4,5484,9,2,1,9,3,2,2,2,2,1,0.0,0.0,0.0,0.0,1.0,0.0
26,3,3,1,3,1,4,2061,1,1,0,1,5,3,1,0,0,0,0.0,1.0,0.0,0.0,1.0,0.0
38,14,3,3,3,2,2,9924,0,4,1,10,3,3,9,8,7,7,0.0,0.0,0.0,1.0,0.0,0.0
38,16,3,2,3,2,2,4198,2,2,0,8,5,4,3,2,1,2,0.0,1.0,0.0,1.0,0.0,0.0
36,1,4,2,3,2,3,6815,6,1,0,15,5,3,1,0,0,0,0.0,1.0,0.0,1.0,0.0,0.0
29,3,1,2,3,1,1,4723,1,4,0,10,3,3,10,9,1,5,1.0,0.0,0.0,0.0,2.0,1.0
35,10,4,1,3,2,3,6142,3,3,0,10,4,3,5,2,0,4,1.0,1.0,0.0,0.0,4.0,1.0
39,6,3,4,4,3,3,8237,2,1,1,11,3,3,7,6,7,6,1.0,0.0,0.0,1.0,0.0,0.0
29,2,1,1,3,2,4,8853,1,4,1,6,0,4,6,4,1,3,0.0,0.0,0.0,0.0,4.0,0.0
50,9,3,3,3,5,3,19331,4,3,1,27,2,3,1,0,0,0,2.0,0.0,0.0,1.0,5.0,1.0
23,10,3,4,4,1,3,2073,2,4,1,4,2,3,2,2,2,2,3.0,0.0,0.0,0.0,1.0,0.0
36,6,4,1,4,2,1,5562,3,4,1,9,3,3,3,2,0,2,0.0,0.0,0.0,0.0,2.0,1.0
42,9,2,4,2,5,4,19613,8,4,0,24,2,3,1,0,0,1,4.0,0.0,0.0,0.0,5.0,0.0
35,28,3,2,4,2,3,3407,1,4,2,10,3,2,10,9,6,8,0.0,0.0,0.0,0.0,2.0,0.0
34,10,4,4,2,2,3,5063,1,2,1,8,3,2,8,2,7,7,3.0,0.0,0.0,0.0,4.0,0.0
40,14,2,4,3,2,1,4639,1,3,1,5,2,3,5,4,1,2,0.0,1.0,0.0,1.0,0.0,0.0
43,27,3,4,4,1,2,4876,5,3,1,8,0,3,6,4,0,2,3.0,0.0,0.0,0.0,2.0,0.0
35,7,2,3,2,1,4,2690,1,4,1,1,5,2,1,0,0,1,0.0,0.0,0.0,0.0,2.0,0.0
46,1,4,4,4,4,1,17567,1,2,0,27,5,1,5,0,0,12,0.0,0.0,0.0,1.0,5.0,0.0
22,26,2,2,2,1,3,2814,1,2,0,4,2,2,4,2,1,3,4.0,1.0,0.0,0.0,1.0,1.0
50,20,5,2,3,4,3,11245,2,3,1,10,3,3,5,8,1,13,1.0,0.0,0.0,0.0,4.0,1.0
32,5,4,2,4,1,4,3312,3,4,2,6,3,3,3,2,0,2,4.0,1.0,0.0,0.0,1.0,0.0
44,7,3,2,3,5,4,19049,0,4,1,23,4,2,5,7,1,10,1.0,1.0,0.0,0.0,7.0,1.0
30,7,3,2,2,1,2,2141,1,2,1,6,3,2,6,4,1,1,1.0,0.0,0.0,0.0,1.0,0.0
45,5,5,3,1,2,1,5769,1,1,0,10,3,3,10,7,1,4,1.0,1.0,0.0,0.0,2.0,1.0
45,26,3,1,2,2,1,4385,1,1,1,10,2,3,10,7,4,5,2.0,0.0,0.0,1.0,0.0,0.0
31,2,4,4,3,2,1,5332,7,4,0,10,3,3,5,2,0,3,4.0,0.0,0.0,1.0,0.0,0.0
36,12,4,3,3,2,3,4663,9,2,2,7,2,3,3,2,1,1,0.0,1.0,0.0,0.0,3.0,1.0
34,10,4,3,4,2,4,4724,1,1,1,9,3,3,9,7,7,2,0.0,0.0,0.0,0.0,3.0,0.0
49,25,4,3,3,1,1,3211,1,4,1,10,3,2,9,6,1,4,0.0,1.0,0.0,0.0,2.0,0.0
39,10,5,2,3,2,1,5377,2,4,3,10,3,3,7,7,7,7,1.0,0.0,0.0,0.0,3.0,0.0
27,19,3,4,2,1,1,4066,1,1,2,7,3,3,7,7,0,7,4.0,0.0,0.0,0.0,2.0,0.0
35,18,5,2,4,2,1,5208,1,4,0,16,2,3,16,3,1,10,0.0,0.0,0.0,0.0,1.0,0.0
28,27,3,2,1,2,1,4877,0,2,1,6,5,2,5,3,0,0,1.0,1.0,0.0,0.0,3.0,0.0
21,5,1,3,3,1,4,3117,1,3,0,3,2,3,2,2,2,2,1.0,0.0,0.0,0.0,1.0,0.0
47,26,4,4,3,5,3,19658,3,3,1,27,2,3,5,2,1,0,0.0,1.0,0.0,2.0,5.0,0.0
39,3,2,3,2,2,3,3069,0,4,1,11,3,3,10,8,0,7,1.0,0.0,0.0,0.0,2.0,0.0
40,15,3,1,2,3,3,10435,1,4,2,18,2,3,5,3,1,12,0.0,1.0,0.0,0.0,3.0,0.0
35,8,4,3,3,2,3,4148,1,4,1,15,5,3,14,11,2,9,0.0,1.0,0.0,0.0,4.0,0.0
37,19,3,3,3,2,3,5768,3,1,3,9,2,2,4,3,0,2,0.0,0.0,0.0,0.0,3.0,0.0
39,4,3,1,3,2,3,5042,0,4,0,10,2,1,9,2,3,8,1.0,1.0,0.0,0.0,3.0,0.0
45,2,2,4,2,2,4,5770,1,1,2,10,3,3,10,7,3,9,4.0,1.0,0.0,0.0,3.0,0.0
38,2,2,4,2,3,3,7756,3,4,1,10,6,4,5,4,0,2,1.0,1.0,0.0,0.0,3.0,1.0
37,10,3,2,3,1,2,3936,1,1,1,8,2,1,8,4,7,7,1.0,1.0,0.0,0.0,1.0,0.0
40,16,3,3,3,3,4,7945,6,4,0,18,2,2,4,2,3,3,0.0,1.0,0.0,0.0,3.0,1.0
44,1,5,1,3,2,4,5743,4,3,0,14,3,3,10,7,0,2,5.0,0.0,0.0,2.0,8.0,1.0
48,4,5,3,2,4,4,15202,2,2,1,23,3,3,2,2,2,2,1.0,0.0,0.0,0.0,5.0,0.0
24,2,1,1,3,1,4,3760,1,3,0,6,2,3,6,3,1,3,3.0,1.0,0.0,0.0,1.0,1.0
27,8,3,2,4,1,3,3517,7,1,0,5,0,3,3,2,0,2,1.0,1.0,0.0,0.0,1.0,0.0
27,2,3,4,3,1,4,2580,2,3,0,6,0,2,4,2,1,2,1.0,0.0,0.0,0.0,1.0,0.0
29,10,3,3,2,2,3,5869,9,3,0,8,2,3,5,2,1,4,1.0,0.0,0.0,1.0,0.0,0.0
36,5,4,2,3,3,1,8008,4,3,2,9,6,3,3,2,0,2,0.0,1.0,0.0,0.0,4.0,0.0
25,2,1,4,4,2,3,5206,1,3,2,7,6,3,7,7,0,7,0.0,0.0,0.0,0.0,3.0,0.0
39,12,3,4,3,2,2,5295,4,3,0,7,3,3,5,4,1,0,1.0,0.0,0.0,0.0,3.0,0.0
49,22,4,1,3,4,2,16413,3,2,2,27,2,3,4,2,1,2,4.0,1.0,0.0,0.0,7.0,0.0
50,17,5,4,2,3,1,13269,5,3,3,19,3,3,14,11,1,11,0.0,1.0,0.0,0.0,7.0,0.0
20,2,3,3,3,1,3,2783,1,1,0,2,3,3,2,2,2,2,1.0,1.0,0.0,1.0,6.0,0.0
34,3,3,4,3,2,2,5433,1,3,1,11,2,3,11,8,7,9,0.0,1.0,0.0,0.0,1.0,0.0
36,7,3,1,3,1,2,2013,2,3,0,15,4,3,4,3,1,3,0.0,0.0,0.0,0.0,2.0,0.0
49,6,1,3,2,4,3,13966,2,2,1,30,3,3,15,11,2,12,0.0,1.0,0.0,0.0,4.0,1.0
36,1,4,4,2,2,3,4374,0,3,0,4,6,3,3,2,1,2,1.0,1.0,0.0,0.0,3.0,0.0
36,3,2,4,4,2,1,6842,6,1,1,13,3,3,5,4,0,4,0.0,0.0,0.0,0.0,4.0,0.0
54,22,5,2,3,4,3,17426,3,3,1,10,6,3,10,8,4,7,1.0,1.0,0.0,0.0,5.0,0.0
43,15,2,3,2,4,3,17603,1,1,1,14,3,3,14,10,6,11,0.0,0.0,0.0,0.0,7.0,0.0
38,1,3,4,3,2,4,4735,7,4,2,19,4,4,13,11,2,9,0.0,0.0,0.0,0.0,1.0,0.0
29,5,3,1,2,2,2,4187,1,2,1,10,3,2,10,0,0,9,1.0,0.0,0.0,1.0,0.0,1.0
33,2,4,4,3,2,4,5505,1,3,2,6,5,3,6,2,0,4,1.0,0.0,0.0,1.0,0.0,0.0
32,2,3,4,3,2,2,5470,0,3,2,10,4,2,9,5,1,6,1.0,0.0,0.0,0.0,1.0,0.0
31,5,4,1,3,2,4,5476,1,1,2,10,2,3,10,0,0,2,0.0,1.0,0.0,1.0,0.0,0.0
49,16,3,4,3,1,1,2587,4,2,1,17,2,2,2,2,2,2,1.0,1.0,0.0,0.0,2.0,1.0
38,2,3,4,2,1,2,2440,1,2,0,4,3,3,4,3,3,3,1.0,1.0,0.0,0.0,2.0,0.0
47,2,4,2,4,4,2,15972,6,3,3,29,2,3,3,2,1,2,0.0,1.0,0.0,1.0,5.0,0.0
49,1,3,3,3,4,3,15379,4,1,0,23,2,3,8,7,0,0,0.0,0.0,0.0,0.0,5.0,0.0
41,23,2,4,3,3,3,7082,3,4,0,21,2,3,2,0,0,2,0.0,0.0,0.0,1.0,0.0,1.0
20,9,1,4,3,1,1,2728,1,1,0,2,3,3,2,2,0,2,0.0,0.0,0.0,1.0,6.0,0.0
33,16,3,3,3,2,4,5368,1,3,1,7,2,3,6,5,1,2,0.0,1.0,0.0,1.0,0.0,1.0
36,26,4,1,3,2,3,5347,6,2,2,10,2,2,3,2,0,2,0.0,0.0,0.0,0.0,4.0,0.0
44,1,3,3,3,1,4,3195,4,1,3,8,2,3,2,2,2,2,0.0,1.0,0.0,2.0,8.0,1.0
38,4,2,4,3,1,3,3306,7,4,1,7,5,2,0,0,0,0,1.0,1.0,0.0,0.0,2.0,0.0
53,24,4,2,4,3,4,7005,3,3,0,11,2,3,4,3,1,2,1.0,0.0,0.0,0.0,4.0,0.0
26,7,3,4,3,1,4,2570,1,3,0,7,5,3,7,7,5,7,1.0,0.0,0.0,0.0,2.0,0.0
55,22,3,1,2,1,2,3537,5,4,1,8,1,3,4,2,1,2,3.0,0.0,0.0,0.0,1.0,0.0
34,5,2,2,2,2,4,3986,1,3,1,15,3,4,15,10,4,13,1.0,0.0,0.0,0.0,2.0,0.0
60,1,4,3,1,3,4,10883,3,3,1,19,2,4,1,0,0,0,1.0,0.0,0.0,0.0,4.0,0.0
33,21,3,2,4,1,2,2028,1,4,3,14,6,3,14,11,2,13,1.0,0.0,0.0,0.0,2.0,0.0
37,1,4,3,1,2,4,9525,1,3,2,6,2,2,6,3,1,3,1.0,0.0,0.0,1.0,0.0,0.0
34,19,3,2,2,1,4,2929,1,2,0,10,3,3,10,9,1,7,0.0,1.0,0.0,0.0,1.0,0.0
44,2,3,3,4,3,4,7879,1,2,1,9,2,3,8,7,6,7,0.0,1.0,0.0,0.0,4.0,1.0
35,2,4,1,2,1,4,4930,0,3,0,6,2,4,5,4,1,4,1.0,0.0,0.0,0.0,1.0,1.0
43,2,3,4,3,2,4,7847,1,1,1,10,3,3,10,9,1,8,1.0,0.0,0.0,1.0,0.0,1.0
24,9,3,3,4,1,3,4401,1,4,1,5,1,3,5,3,0,4,1.0,0.0,0.0,0.0,1.0,0.0
41,6,3,4,3,3,3,9241,1,2,0,10,3,3,10,8,1,7,2.0,0.0,0.0,1.0,0.0,0.0
29,9,4,4,3,1,3,2974,9,3,1,9,2,3,5,3,1,2,1.0,1.0,0.0,0.0,2.0,0.0
36,2,4,3,3,2,4,4502,3,3,0,17,2,2,13,7,6,7,0.0,1.0,0.0,1.0,6.0,0.0
45,1,1,3,2,3,3,10748,3,4,1,25,3,2,5,3,1,4,0.0,0.0,0.0,0.0,4.0,0.0
26,17,4,4,1,1,3,2305,1,3,3,3,3,4,3,2,0,2,1.0,0.0,0.0,0.0,2.0,0.0
45,28,2,4,2,4,2,16704,1,3,0,21,2,3,5,6,1,6,3.0,1.0,0.0,0.0,7.0,0.0
32,10,3,1,3,1,3,3433,6,1,1,10,3,2,5,2,1,3,0.0,0.0,0.0,0.0,1.0,0.0
31,2,4,2,3,1,3,3477,1,4,1,6,2,4,5,2,0,3,0.0,0.0,0.0,0.0,2.0,0.0
41,4,3,3,1,2,2,6430,6,2,1,10,4,3,3,2,1,2,5.0,0.0,0.0,2.0,8.0,0.0
40,8,2,2,3,2,1,6516,2,2,1,18,3,3,1,0,0,0,0.0,1.0,0.0,0.0,3.0,1.0
24,29,1,2,3,1,1,3907,1,2,3,6,2,4,6,2,1,2,1.0,0.0,0.0,0.0,2.0,0.0
46,13,4,3,3,2,2,5562,6,4,0,19,3,3,10,7,0,9,0.0,0.0,0.0,0.0,4.0,0.0
35,27,4,4,3,2,3,6883,2,2,1,17,3,3,7,7,0,7,0.0,0.0,0.0,0.0,3.0,0.0
30,16,1,2,3,1,4,2862,1,2,1,10,2,2,10,0,0,8,0.0,0.0,0.0,0.0,1.0,0.0
47,2,4,3,3,2,2,4978,7,4,1,4,3,1,1,0,0,0,2.0,0.0,0.0,1.0,0.0,0.0
46,2,3,3,3,3,4,10368,4,2,1,13,5,2,10,6,0,3,0.0,0.0,0.0,1.0,0.0,1.0
23,4,1,3,3,1,2,3295,1,3,0,3,3,1,3,2,1,2,1.0,1.0,0.0,0.0,2.0,0.0
31,24,1,4,3,2,4,5238,2,4,0,9,3,2,5,4,1,4,3.0,1.0,0.0,0.0,3.0,0.0
39,1,3,4,3,2,4,6472,1,4,1,9,2,3,9,8,5,8,0.0,0.0,0.0,0.0,2.0,1.0
32,19,3,4,1,3,3,9610,3,3,1,10,2,1,4,3,0,2,0.0,0.0,0.0,1.0,0.0,0.0
40,7,4,2,3,5,2,19833,1,2,0,21,3,2,5,8,1,8,1.0,0.0,0.0,1.0,5.0,0.0
45,4,3,3,1,3,3,9756,4,3,2,9,2,4,5,0,0,3,0.0,1.0,0.0,2.0,8.0,0.0
30,2,4,4,2,1,1,4968,0,4,0,10,2,3,9,7,0,7,3.0,1.0,0.0,0.0,1.0,0.0
24,10,3,1,3,1,4,2145,0,4,1,3,2,3,2,2,2,1,1.0,0.0,0.0,2.0,8.0,0.0
31,5,3,1,3,2,3,8346,1,3,1,6,3,3,5,2,0,2,3.0,0.0,0.0,1.0,0.0,0.0
27,8,3,3,3,1,4,3445,1,3,0,6,5,2,6,2,1,4,1.0,1.0,0.0,0.0,1.0,0.0
29,1,3,4,4,2,3,6294,8,4,0,10,5,4,3,2,0,2,0.0,0.0,0.0,0.0,4.0,1.0
30,15,2,3,2,3,1,7140,2,1,1,12,2,3,7,7,1,7,2.0,0.0,0.0,1.0,0.0,0.0
34,2,4,4,4,1,4,2932,0,1,3,6,3,3,5,0,1,2,1.0,0.0,0.0,0.0,1.0,1.0
33,2,3,4,3,2,2,5147,8,4,0,13,2,2,11,7,1,7,2.0,1.0,0.0,1.0,0.0,0.0
49,11,4,4,3,2,4,4507,3,3,0,8,1,4,5,1,0,4,2.0,1.0,0.0,1.0,0.0,0.0
38,2,2,3,2,1,2,2468,4,2,1,9,4,2,6,1,0,5,1.0,1.0,0.0,0.0,2.0,0.0
29,4,3,4,2,1,1,2109,1,3,1,1,2,3,1,0,0,0,3.0,1.0,0.0,0.0,1.0,0.0
30,16,3,3,4,2,3,5294,3,3,1,10,3,3,7,0,1,7,0.0,0.0,0.0,0.0,4.0,0.0
32,5,4,2,3,1,2,2718,2,2,0,12,3,3,7,7,0,7,3.0,0.0,0.0,0.0,1.0,0.0
38,18,3,2,1,2,4,5811,3,3,1,15,2,3,1,0,1,0,1.0,0.0,0.0,0.0,4.0,1.0
42,12,3,2,3,1,2,2766,8,2,3,7,6,2,5,3,0,4,1.0,0.0,0.0,0.0,2.0,0.0
55,2,3,3,2,5,1,19038,8,2,3,10,2,3,1,0,0,0,1.0,0.0,0.0,0.0,7.0,0.0
33,4,3,4,3,2,2,3055,5,4,2,11,2,2,9,8,1,7,3.0,0.0,0.0,0.0,1.0,0.0
41,9,4,3,3,1,1,2289,1,2,2,5,2,3,5,3,0,4,0.0,0.0,0.0,0.0,2.0,0.0
34,10,3,4,3,2,3,4001,1,3,1,15,3,3,15,3,0,7,0.0,0.0,0.0,1.0,0.0,1.0
53,1,4,1,2,4,3,12965,4,4,3,27,2,2,3,2,0,2,1.0,1.0,0.0,0.0,3.0,1.0
43,2,3,2,3,1,4,3539,0,2,0,10,5,3,9,7,1,8,0.0,0.0,0.0,2.0,8.0,0.0
34,3,2,4,1,2,4,6029,5,1,0,6,3,3,2,2,2,2,0.0,1.0,0.0,1.0,0.0,0.0
38,6,2,4,2,1,3,3702,1,2,1,5,3,3,5,4,0,4,4.0,1.0,0.0,0.0,2.0,0.0
31,29,4,1,2,2,4,5468,1,1,2,13,3,3,12,7,5,7,2.0,1.0,0.0,1.0,0.0,0.0
51,3,3,1,3,3,3,13116,2,4,0,15,2,3,2,2,2,2,3.0,1.0,0.0,0.0,5.0,0.0
37,9,2,2,2,2,2,4189,1,1,2,5,2,3,5,2,0,3,2.0,0.0,0.0,1.0,0.0,0.0
46,2,4,3,3,5,4,19328,7,3,1,24,3,3,2,1,2,2,1.0,0.0,0.0,0.0,7.0,1.0
36,10,3,4,3,3,1,8321,7,4,1,15,1,3,12,8,5,7,0.0,0.0,0.0,0.0,4.0,1.0
37,8,2,3,3,2,2,4071,2,3,0,19,4,2,10,0,4,7,4.0,0.0,0.0,2.0,8.0,0.0
33,8,4,4,4,1,1,3143,6,2,1,14,1,3,10,8,7,6,0.0,0.0,0.0,0.0,1.0,0.0
28,1,3,3,3,1,4,2044,1,3,1,5,6,4,5,3,0,3,0.0,0.0,0.0,0.0,1.0,0.0
39,10,1,3,3,3,3,13464,7,3,0,9,3,3,4,3,2,2,1.0,0.0,0.0,0.0,7.0,0.0
46,26,2,2,2,2,2,7991,8,3,0,6,3,3,2,2,2,2,0.0,0.0,0.0,1.0,0.0,0.0
40,2,2,3,3,1,1,3377,4,4,1,7,5,2,4,3,0,2,0.0,1.0,0.0,0.0,2.0,0.0
42,13,3,2,4,2,1,5538,5,3,2,10,2,2,0,0,0,0,1.0,0.0,0.0,0.0,4.0,0.0
35,2,2,2,3,2,4,5762,2,3,1,15,6,3,7,7,1,7,1.0,0.0,0.0,0.0,3.0,0.0
38,2,3,1,3,1,2,2592,5,4,3,13,3,3,11,10,3,8,5.0,0.0,0.0,2.0,8.0,0.0
39,20,3,3,3,2,4,4127,2,4,1,7,6,3,2,1,2,2,0.0,0.0,0.0,1.0,0.0,0.0
43,9,3,1,3,1,3,2438,4,3,0,7,2,2,3,2,1,2,0.0,0.0,0.0,0.0,1.0,0.0
41,5,3,2,4,2,2,6870,3,1,0,11,3,1,3,2,1,2,0.0,0.0,0.0,0.0,4.0,0.0
41,4,1,3,3,3,3,10447,0,4,1,23,3,4,5,3,1,5,2.0,1.0,0.0,1.0,0.0,1.0
30,10,3,1,3,3,3,9667,9,2,0,9,3,3,7,7,0,2,1.0,1.0,0.0,0.0,3.0,0.0
40,1,3,3,3,2,4,6513,4,4,1,12,3,3,5,3,0,3,0.0,1.0,0.0,0.0,4.0,0.0
34,8,2,2,4,2,3,6799,1,3,2,10,5,3,10,8,4,8,3.0,0.0,0.0,1.0,0.0,0.0
58,2,3,2,3,4,2,16291,4,4,1,10,0,2,16,9,1,3,1.0,0.0,0.0,1.0,5.0,0.0
35,23,4,2,1,1,3,2705,0,2,1,6,2,4,5,4,0,3,1.0,0.0,0.0,0.0,2.0,0.0
47,4,3,3,2,3,2,10333,8,3,1,28,4,3,5,11,1,10,0.0,1.0,0.0,0.0,3.0,1.0
40,12,3,2,3,2,1,4448,2,2,1,15,3,3,7,4,7,7,0.0,1.0,0.0,0.0,4.0,0.0
54,7,4,4,3,2,4,6854,4,2,1,14,2,2,7,1,1,7,1.0,1.0,0.0,0.0,1.0,0.0
31,7,4,1,3,3,1,9637,2,4,2,9,3,3,3,2,2,2,2.0,1.0,0.0,1.0,0.0,0.0
28,1,3,3,3,1,1,3591,1,3,1,3,3,3,3,2,1,2,1.0,1.0,0.0,0.0,1.0,0.0
38,2,4,2,1,2,4,5405,2,1,2,20,4,2,4,2,0,3,2.0,1.0,0.0,1.0,6.0,1.0
26,10,3,3,3,2,4,4684,1,1,0,5,4,3,5,3,1,2,1.0,0.0,0.0,1.0,0.0,0.0
58,15,4,1,3,4,3,15787,2,2,0,23,3,3,2,2,2,2,0.0,0.0,0.0,0.0,7.0,1.0
18,14,3,2,3,1,3,1514,1,3,0,0,4,1,0,0,0,0,1.0,1.0,0.0,0.0,1.0,0.0
45,2,4,3,3,2,3,5154,4,2,2,10,3,4,8,7,5,7,0.0,1.0,0.0,1.0,0.0,0.0
36,2,4,4,3,2,2,6962,4,4,1,15,2,3,1,0,0,0,4.0,1.0,0.0,0.0,1.0,1.0
43,2,4,1,3,2,4,5675,1,3,1,7,5,3,7,7,7,7,0.0,0.0,0.0,1.0,0.0,0.0
27,5,2,4,3,1,4,2379,0,3,0,6,3,2,5,4,0,2,0.0,1.0,0.0,0.0,2.0,1.0
29,20,1,4,3,1,4,3812,1,2,0,11,3,4,11,8,3,10,1.0,0.0,0.0,0.0,2.0,0.0
32,10,4,4,3,2,4,4648,8,3,0,4,2,4,0,0,0,0,2.0,0.0,0.0,1.0,0.0,0.0
42,10,4,3,3,1,3,2936,3,2,2,10,1,2,6,3,3,3,3.0,0.0,0.0,0.0,1.0,0.0
47,9,4,2,3,1,3,2105,4,3,0,7,2,3,2,2,2,0,0.0,1.0,0.0,0.0,2.0,0.0
46,2,2,4,3,3,4,8578,3,3,1,12,4,2,9,8,4,7,0.0,0.0,0.0,0.0,3.0,0.0
28,1,2,3,3,1,4,2706,1,2,1,3,2,3,3,2,2,2,0.0,0.0,0.0,2.0,8.0,0.0
29,29,1,4,1,2,3,6384,8,4,2,11,3,3,7,0,1,6,0.0,0.0,0.0,0.0,4.0,0.0
42,8,3,4,3,1,3,3968,4,4,0,8,3,3,0,0,0,0,0.0,0.0,0.0,0.0,2.0,0.0
46,3,3,1,4,4,1,13225,2,4,1,25,5,3,5,3,2,8,3.0,1.0,0.0,1.0,0.0,0.0
27,23,1,2,2,2,3,3540,1,4,1,9,5,3,9,8,5,8,1.0,1.0,0.0,1.0,6.0,0.0
29,6,1,4,2,1,2,2804,1,4,0,1,3,3,1,0,0,0,1.0,0.0,0.0,2.0,8.0,0.0
43,6,3,1,2,5,3,19392,7,4,0,21,2,3,16,12,6,3,1.0,1.0,0.0,0.0,5.0,0.0
48,10,3,4,2,5,2,19665,4,4,0,29,3,3,5,10,1,9,0.0,0.0,0.0,0.0,7.0,0.0
27,15,3,4,2,1,1,4774,0,4,1,8,2,2,7,6,7,3,0.0,1.0,0.0,0.0,1.0,0.0
39,19,4,4,3,2,4,3902,8,2,3,7,2,3,2,2,2,2,4.0,0.0,0.0,0.0,1.0,0.0
55,2,4,2,2,1,4,2662,8,2,1,19,2,4,5,2,0,4,3.0,0.0,0.0,0.0,1.0,0.0
28,3,3,2,3,1,2,2856,1,4,1,1,3,3,1,0,0,0,1.0,1.0,0.0,1.0,6.0,0.0
36,10,4,2,2,2,3,5673,1,1,1,10,4,3,10,9,1,7,3.0,1.0,0.0,1.0,0.0,1.0
31,20,3,2,3,2,3,4197,1,1,1,10,2,3,10,8,0,2,0.0,0.0,0.0,0.0,2.0,0.0
34,4,3,3,3,3,4,9713,2,4,3,9,3,3,5,3,1,0,0.0,0.0,0.0,1.0,0.0,1.0
29,7,3,4,3,1,1,2062,3,2,0,11,2,3,3,2,1,2,0.0,0.0,0.0,0.0,2.0,0.0
37,7,4,4,3,2,1,4284,5,3,1,16,2,3,5,3,0,4,1.0,0.0,0.0,0.0,1.0,1.0
35,16,2,4,2,2,2,4788,0,4,0,4,2,3,3,2,0,2,4.0,1.0,0.0,0.0,3.0,1.0
45,25,2,2,2,2,4,5906,0,4,2,10,2,2,9,8,3,8,0.0,1.0,0.0,0.0,3.0,0.0
36,2,1,2,2,2,4,3886,1,4,0,10,2,2,10,1,0,8,5.0,0.0,0.0,2.0,8.0,0.0
40,1,4,1,3,4,1,16823,2,1,1,22,3,3,5,7,1,3,0.0,0.0,0.0,0.0,5.0,0.0
26,1,2,2,2,1,3,2933,1,3,1,1,3,2,1,0,1,0,0.0,1.0,0.0,0.0,1.0,1.0
27,2,2,1,4,2,3,6500,0,2,0,9,5,2,8,7,0,7,1.0,1.0,0.0,1.0,0.0,0.0
48,22,3,4,3,4,4,17174,3,2,1,24,3,3,5,3,4,7,1.0,1.0,0.0,0.0,5.0,0.0
44,1,4,2,4,2,1,5033,2,4,1,10,5,3,2,0,2,2,0.0,0.0,0.0,0.0,4.0,0.0
36,17,2,3,2,2,2,5507,2,3,2,12,1,1,4,2,1,3,2.0,0.0,0.0,1.0,0.0,0.0
41,8,3,3,3,2,2,4393,5,3,1,14,3,3,5,4,1,4,2.0,1.0,0.0,1.0,0.0,0.0
42,6,3,3,3,3,1,13348,9,2,1,18,3,4,13,7,5,7,1.0,0.0,0.0,0.0,7.0,0.0
31,10,2,3,3,2,4,6583,2,4,1,8,2,3,5,2,1,4,1.0,1.0,0.0,1.0,0.0,1.0
34,3,1,4,2,2,4,8103,3,3,0,9,3,2,4,2,0,1,1.0,1.0,0.0,1.0,0.0,1.0
31,4,3,1,4,1,3,3978,8,2,1,4,0,2,2,2,2,2,1.0,1.0,0.0,0.0,2.0,0.0
26,6,3,3,4,1,4,2544,0,1,1,8,3,3,7,7,7,7,4.0,0.0,0.0,0.0,2.0,0.0
45,1,4,2,3,2,3,5399,4,3,0,12,3,3,4,2,0,3,1.0,0.0,0.0,0.0,4.0,0.0
33,10,4,2,3,2,3,5487,1,2,0,10,2,2,10,4,0,9,2.0,0.0,0.0,1.0,0.0,0.0
28,1,2,3,2,2,4,6834,1,3,1,7,2,3,7,7,0,7,0.0,0.0,0.0,1.0,0.0,1.0
39,21,4,1,1,2,3,5736,6,3,1,10,1,3,3,2,1,2,0.0,1.0,0.0,1.0,0.0,0.0
27,2,4,2,3,1,2,2226,1,3,1,6,3,2,5,3,1,2,3.0,0.0,0.0,0.0,1.0,0.0
34,22,4,3,2,2,4,5747,1,2,0,16,3,3,15,10,6,11,4.0,0.0,0.0,0.0,1.0,1.0
47,14,4,3,3,2,2,5467,8,3,1,16,4,4,8,7,1,7,3.0,0.0,0.0,0.0,1.0,0.0
56,11,5,4,2,2,1,5380,4,3,1,6,3,3,0,0,0,0,2.0,1.0,0.0,1.0,0.0,0.0
39,9,2,1,3,2,1,5151,1,4,1,10,3,3,10,0,7,9,1.0,0.0,0.0,0.0,3.0,0.0
38,8,3,4,2,2,2,2133,1,3,1,20,3,3,5,11,0,7,1.0,1.0,0.0,0.0,1.0,1.0
58,21,3,4,3,4,4,17875,4,3,1,29,2,2,1,0,0,0,0.0,1.0,0.0,1.0,5.0,1.0
38,9,2,2,3,1,4,4771,2,4,2,10,0,4,5,2,0,3,0.0,0.0,0.0,0.0,1.0,0.0
49,2,1,2,3,5,4,19161,3,4,0,28,3,3,5,4,4,3,0.0,0.0,0.0,0.0,7.0,0.0
42,12,4,2,3,2,4,5087,3,3,2,14,4,3,0,0,0,0,2.0,0.0,0.0,1.0,0.0,1.0
35,18,4,2,3,2,1,5561,0,4,1,6,2,1,5,3,0,4,1.0,0.0,0.0,1.0,0.0,0.0
28,16,3,3,3,1,3,2144,1,3,0,5,3,2,5,3,1,4,1.0,0.0,0.0,0.0,1.0,0.0
31,3,2,3,3,1,1,3065,1,4,1,4,3,4,4,2,2,3,1.0,0.0,0.0,0.0,1.0,1.0
36,9,4,1,4,1,2,2810,1,2,0,5,3,3,5,4,0,2,0.0,0.0,0.0,0.0,2.0,0.0
34,1,3,1,3,3,4,9888,1,1,0,14,3,2,14,8,2,1,2.0,0.0,0.0,1.0,0.0,0.0
34,13,4,4,3,3,3,8628,1,3,1,9,2,2,8,7,1,1,1.0,0.0,0.0,1.0,0.0,0.0
26,1,3,3,3,1,1,2867,0,4,0,8,6,2,7,7,7,6,1.0,0.0,0.0,0.0,2.0,0.0
29,1,3,1,3,2,1,5373,0,1,1,6,5,2,5,3,0,2,0.0,0.0,0.0,0.0,4.0,0.0
32,15,4,3,3,2,4,6667,5,2,1,9,6,3,5,1,1,2,1.0,1.0,0.0,0.0,4.0,0.0
31,1,3,4,1,2,1,5003,1,2,0,10,6,3,10,8,1,7,0.0,0.0,0.0,0.0,1.0,0.0
38,1,3,1,2,1,1,2858,4,1,0,20,3,2,1,0,0,0,0.0,0.0,0.0,1.0,6.0,0.0
35,7,4,3,3,2,4,5204,1,4,0,10,2,3,10,8,0,9,0.0,1.0,0.0,1.0,0.0,1.0
27,9,3,4,3,2,4,4105,1,1,0,7,5,3,7,7,0,7,2.0,0.0,0.0,1.0,0.0,0.0
32,5,4,4,2,2,4,9679,8,2,0,8,1,3,1,0,0,0,0.0,0.0,0.0,0.0,3.0,0.0
54,9,2,1,3,2,3,2897,3,3,2,9,6,2,4,3,2,3,0.0,1.0,0.0,0.0,1.0,0.0
33,7,2,4,3,2,3,5968,1,3,3,9,2,3,9,7,2,8,0.0,0.0,0.0,0.0,4.0,0.0
43,11,3,1,3,3,3,7510,1,2,1,10,1,3,10,9,0,9,0.0,0.0,0.0,0.0,4.0,0.0
38,1,4,4,3,1,2,2991,0,2,1,7,2,3,6,2,1,2,4.0,0.0,0.0,2.0,8.0,1.0
55,26,4,3,4,5,2,19636,4,1,1,10,0,3,10,9,1,4,5.0,0.0,0.0,2.0,5.0,1.0
31,2,1,4,1,1,4,1129,1,3,3,1,4,3,1,0,0,0,1.0,1.0,0.0,0.0,2.0,1.0
39,15,4,2,3,4,1,13341,0,1,0,21,3,3,5,8,1,10,2.0,0.0,0.0,1.0,0.0,0.0
42,23,2,4,2,2,3,4332,1,4,0,20,2,3,5,9,3,7,0.0,0.0,0.0,0.0,1.0,0.0
31,10,3,3,3,3,3,11031,4,3,1,13,2,4,11,7,4,8,1.0,1.0,0.0,0.0,7.0,0.0
54,10,3,3,3,2,1,4440,6,4,0,9,3,3,5,2,1,4,1.0,1.0,0.0,0.0,3.0,1.0
24,1,2,2,2,2,3,4617,1,2,0,4,2,2,4,3,1,2,0.0,0.0,0.0,0.0,4.0,0.0
23,12,2,4,3,1,4,2647,1,3,0,5,6,4,5,2,1,4,4.0,0.0,0.0,0.0,2.0,0.0
40,11,3,4,3,2,3,6323,1,1,1,10,2,4,10,9,1,4,3.0,1.0,0.0,0.0,2.0,0.0
40,2,2,2,3,2,2,5677,3,3,1,15,4,3,11,8,5,10,2.0,1.0,0.0,1.0,0.0,0.0
25,2,3,3,3,1,2,2187,4,3,0,6,3,3,2,0,1,2,5.0,1.0,0.0,2.0,8.0,0.0
30,1,2,4,3,1,2,3748,1,3,0,12,6,2,12,8,1,7,1.0,0.0,0.0,0.0,2.0,0.0
25,2,1,4,3,1,3,3977,6,3,1,7,2,2,2,2,0,2,4.0,0.0,0.0,0.0,2.0,1.0
47,25,3,1,3,3,3,8633,2,2,0,25,3,3,5,3,1,11,1.0,0.0,0.0,0.0,4.0,0.0
33,1,2,2,2,1,3,2008,1,3,3,1,2,2,1,1,0,0,1.0,0.0,0.0,0.0,2.0,0.0
38,1,4,4,3,2,2,4440,0,1,2,16,3,3,15,13,5,8,0.0,0.0,0.0,1.0,0.0,0.0
31,2,2,1,3,1,3,3067,0,3,1,3,1,3,2,2,1,2,0.0,0.0,0.0,1.0,6.0,0.0
38,6,4,1,2,2,3,5321,2,4,1,10,1,3,8,3,7,7,0.0,0.0,0.0,0.0,3.0,0.0
42,18,4,4,3,2,1,5410,6,3,1,9,3,2,4,3,1,2,0.0,0.0,0.0,0.0,1.0,1.0
41,1,3,4,3,1,4,2782,3,1,1,12,3,3,5,3,1,0,0.0,0.0,0.0,0.0,1.0,0.0
47,1,1,3,3,3,2,11957,0,1,2,14,3,1,13,8,5,12,1.0,1.0,0.0,0.0,7.0,0.0
35,11,4,4,3,1,3,2660,7,3,1,5,3,3,2,2,2,2,1.0,0.0,0.0,0.0,2.0,1.0
22,1,2,4,3,1,3,3375,0,4,0,4,2,4,3,2,1,2,0.0,0.0,0.0,0.0,1.0,0.0
35,9,4,2,3,2,3,5098,1,2,0,10,5,3,10,7,0,8,1.0,0.0,0.0,0.0,1.0,0.0
33,15,2,2,3,2,4,4878,0,1,1,10,6,3,9,7,1,1,1.0,1.0,0.0,0.0,4.0,1.0
32,29,4,3,2,1,2,2837,1,3,0,6,3,3,6,2,4,1,0.0,1.0,0.0,0.0,2.0,0.0
40,1,4,1,3,1,4,2406,8,3,2,8,3,2,1,0,0,0,0.0,0.0,0.0,0.0,2.0,0.0
32,1,4,2,2,1,2,2269,0,2,1,3,2,3,2,2,2,2,1.0,0.0,0.0,1.0,6.0,0.0
39,24,1,1,3,2,4,4108,7,1,0,18,2,3,7,7,1,7,0.0,0.0,0.0,0.0,1.0,0.0
38,10,3,2,1,3,3,13206,3,1,1,20,3,3,5,3,1,11,1.0,1.0,0.0,0.0,7.0,0.0
32,1,4,3,3,3,4,10422,1,3,2,14,3,3,14,10,5,7,2.0,1.0,0.0,1.0,0.0,0.0
37,10,3,3,4,3,4,13744,1,1,1,16,2,3,16,11,6,8,0.0,1.0,0.0,0.0,7.0,1.0
25,8,2,1,3,2,3,4907,0,2,1,6,3,2,5,3,0,4,4.0,1.0,0.0,1.0,0.0,1.0
52,29,4,1,3,1,4,3482,2,2,2,16,3,2,9,8,0,0,0.0,0.0,0.0,1.0,6.0,0.0
44,1,3,2,3,1,4,2436,6,3,0,6,2,3,4,3,1,2,1.0,0.0,0.0,0.0,1.0,1.0
21,5,1,3,3,1,1,2380,1,4,0,2,6,3,2,2,1,2,1.0,0.0,0.0,1.0,6.0,1.0
39,9,3,4,3,5,4,19431,2,3,0,21,3,2,6,0,1,3,0.0,0.0,0.0,0.0,5.0,0.0
36,3,3,1,2,3,4,7644,0,3,2,10,2,3,9,7,3,4,1.0,1.0,0.0,1.0,0.0,0.0
36,4,2,4,3,2,2,5131,7,2,3,18,3,3,4,2,0,2,0.0,1.0,0.0,0.0,3.0,0.0
56,1,4,3,3,2,3,6306,1,1,1,13,2,2,13,12,1,9,0.0,0.0,0.0,0.0,4.0,0.0
42,2,3,1,3,5,3,18880,5,1,0,24,2,2,5,6,4,3,0.0,0.0,0.0,0.0,5.0,0.0
41,28,4,1,2,4,2,13570,0,3,1,21,3,3,5,7,0,10,0.0,1.0,0.0,0.0,3.0,0.0
34,28,3,4,2,2,3,6712,1,4,2,8,2,3,8,7,1,7,2.0,1.0,0.0,1.0,0.0,0.0
36,15,4,4,1,2,4,5406,1,1,1,15,4,2,15,12,1,11,2.0,0.0,0.0,1.0,0.0,0.0
41,3,3,3,2,2,2,8938,2,3,1,14,5,3,5,4,0,4,0.0,0.0,0.0,1.0,0.0,0.0
32,2,3,4,3,1,1,2439,1,4,0,4,4,3,4,2,1,2,3.0,0.0,0.0,0.0,1.0,0.0
35,26,4,3,3,3,4,8837,1,3,0,9,2,3,9,0,1,7,0.0,1.0,0.0,2.0,8.0,1.0
38,10,2,1,3,2,4,5343,1,3,1,10,1,3,10,7,1,9,0.0,1.0,0.0,1.0,0.0,0.0
36,11,4,2,2,2,4,6652,4,1,1,8,2,2,6,3,0,0,2.0,1.0,0.0,1.0,0.0,0.0
45,20,3,4,3,2,3,4850,8,3,0,8,3,3,5,3,0,1,0.0,1.0,0.0,1.0,0.0,0.0
40,2,4,3,2,1,3,2809,2,4,0,8,2,3,2,2,2,2,0.0,0.0,0.0,0.0,1.0,0.0
35,18,4,3,3,2,3,5689,1,4,2,10,2,4,10,2,0,2,0.0,0.0,0.0,0.0,4.0,1.0
40,2,4,3,3,1,3,2001,2,2,3,20,2,3,5,3,0,2,1.0,1.0,0.0,0.0,1.0,0.0
35,1,4,3,1,1,4,2977,1,4,1,4,5,3,4,3,1,1,0.0,1.0,0.0,0.0,1.0,0.0
29,13,2,4,2,2,2,4025,4,1,1,10,2,3,4,3,0,3,4.0,0.0,0.0,0.0,2.0,1.0
29,28,4,4,2,1,1,3785,1,2,0,5,3,1,5,4,0,4,1.0,1.0,0.0,0.0,1.0,0.0
39,24,1,2,2,4,4,12031,0,1,1,21,2,2,5,9,1,6,2.0,1.0,0.0,1.0,0.0,0.0
31,5,3,2,3,2,1,9936,0,2,0,10,2,3,9,4,1,7,1.0,0.0,0.0,0.0,3.0,0.0
26,5,3,4,2,1,3,2966,0,4,0,5,2,3,4,2,0,0,4.0,1.0,0.0,1.0,6.0,0.0
36,23,2,3,4,2,4,2571,4,3,1,17,3,3,5,2,0,3,1.0,0.0,0.0,0.0,2.0,0.0
39,6,1,4,2,3,1,9991,4,1,1,9,5,3,7,7,1,7,1.0,0.0,0.0,0.0,4.0,0.0
27,4,3,2,4,2,2,6142,1,2,1,6,0,3,6,2,0,3,0.0,0.0,0.0,0.0,3.0,1.0
49,2,3,4,2,2,2,5390,2,4,0,17,3,2,9,6,0,8,1.0,0.0,0.0,1.0,0.0,0.0
34,8,3,2,4,2,3,4404,2,1,0,6,3,4,4,3,1,2,1.0,0.0,0.0,0.0,2.0,0.0
